DateID,ProductID,StoreID,CustomerID,QuantityOrderded,OrderAmount,DiscountAmount,ShippingCost,TotalAmount
20240728,578,16,543,1,606,43.61323085729824,72.60106154495844,489.78570759774334
20240728,868,16,240,6,337,49.539294114512465,22.97280490985064,264.4879009756369
20240728,388,16,751,10,258,27.562102055656176,20.849332254785306,209.58856568955852
20240728,880,16,943,1,346,19.25299122725596,23.933246402269095,302.81376237047493
20240728,329,16,720,7,629,53.7715018151305,44.95519755509217,530.2733006297774
20240728,15,16,343,18,476,38.964880125254446,33.19679895249766,403.83832092224793
20240728,769,16,891,18,770,52.87952541413436,41.10481955445513,676.0156550314105
20240728,859,16,782,20,495,16.418780606221656,33.55789814396868,445.02332124980967
20240728,212,16,848,16,157,20.11949898170104,11.034456711436729,125.84604430686224
20240728,981,16,9,17,334,41.93535301644614,46.194029404419986,245.87061757913386
20240728,20,16,362,20,491,42.49427037647698,61.76117546328783,386.7445541602352
20240728,851,16,899,19,205,20.55515271646562,25.280338490045384,159.164508793489
20240728,133,16,520,12,211,11.385429305825351,12.999149575001082,186.61542111917356
20240728,623,16,11,3,279,14.52867962925993,36.60151256021028,227.86980781052978
20240728,472,16,566,14,530,48.47379934758804,52.62857237239766,428.89762828001426
20240728,383,16,204,4,993,87.27797081008238,95.99778248111977,809.7242467087979
20240728,184,16,443,19,319,24.513729052204912,28.85143328156527,265.6348376662298
20240728,109,16,927,9,984,53.22985798815555,118.70380334799324,812.0663386638512
20240728,793,16,829,2,794,118.10267694974874,53.27300820228504,622.6243148479662
20240728,544,16,809,3,954,119.49143885118792,57.01388440422137,777.4946767445907
20240728,57,16,73,9,626,53.63787000108374,75.28953702346315,497.0725929754531
20240728,544,16,448,17,758,17.950828649918563,39.81004390400694,700.2391274460745
20240728,49,16,138,8,770,15.845551652611466,64.59366753552302,689.5607808118655
20240728,883,16,319,9,663,48.353222238870735,34.46310648304123,580.183671278088
20240728,924,16,223,7,642,28.599808453376692,45.83050497027898,567.5696865763443
20240728,18,16,563,13,476,58.98401565689652,26.560835981762295,390.4551483613412
20240728,943,16,818,10,213,12.275690053238904,31.94582201168256,168.77848793507854
20240728,700,16,71,19,841,105.58459871790991,83.51136853152694,651.9040327505631
20240728,688,16,191,1,973,144.7742747548781,101.19846757541569,727.0272576697062
20240728,460,16,250,13,616,62.692800793158526,81.45497979030701,471.85221941653447
20240728,521,16,701,3,822,66.53369872232044,56.46369749128307,699.0026037863965
20240728,670,16,995,12,728,68.32199515496363,108.55175771361458,551.1262471314218
20240728,148,16,455,3,941,72.83241792122128,85.36095451914369,782.806627559635
20240728,182,16,259,1,687,44.54017611391977,71.51745069895635,570.9423731871238
20240728,692,16,225,12,877,20.001279566373658,120.61461619167221,736.3841042419541
20240728,639,16,215,7,761,24.27895171553394,84.36447862911467,652.3565696553514
20240728,710,16,379,19,555,42.43456542297055,43.19663776655339,469.36879681047606
20240728,93,16,707,6,233,28.137898212197086,15.863701390624914,188.998400397178
20240728,73,16,488,10,162,20.515438924189525,10.354058793321938,131.13050228248852
20240728,31,16,554,15,865,110.23683156974182,48.9327360769778,705.8304323532803
20240728,595,16,258,5,652,29.808201464661316,94.65136170296167,527.540436832377
20240728,20,16,787,5,187,15.920472908247545,18.746608871900733,152.3329182198517
20240728,144,16,839,16,747,82.80318331896744,96.91093304658298,567.2858836344496
20240728,627,16,706,3,768,17.401191618935425,107.9003905294239,642.6984178516407
20240728,113,16,342,8,782,105.14223475121213,85.76631514380551,591.0914501049824
20240728,313,16,518,8,147,8.691966617684223,21.20620657215989,117.10182681015588
20240728,473,16,144,20,150,15.784640060278505,12.180198963920978,122.03516097580052
20240728,289,16,48,5,722,68.52255710536501,106.26104791643702,547.216394978198
20240728,757,16,416,14,632,85.79653806580453,50.677784781405364,495.5256771527901
20240728,104,16,988,19,260,24.373229046118684,33.75743373131525,201.86933722256606
20240728,410,16,12,6,992,131.94589955567287,145.70533372935415,714.348766714973
20240728,376,16,6,20,687,46.019799478798774,87.55615935902952,553.4240411621718
20240728,783,16,146,7,715,81.7129285508913,101.59089872206867,531.69617272704
20240728,347,16,568,2,793,89.68671926231245,48.14240870178862,655.1708720358989
20240728,528,16,913,2,428,9.021200389956949,61.469495991971456,357.5093036180716
20240728,743,16,612,12,483,21.238730806941167,61.46586676964591,400.29540242341295
20240728,16,16,230,20,610,77.92859005696491,79.04383443982432,453.02757550321076
20240728,783,16,209,17,406,33.95216138456098,57.091794889617944,314.9560437258211
20240728,325,16,124,16,646,82.31061901076217,54.78777677334345,508.9016042158944
20240728,568,16,583,15,1000,24.250539275571054,116.30218198261858,859.4472787418104
20240728,319,16,391,17,803,28.84662431012081,50.89210427733229,723.2612714125469
20240728,859,16,984,4,676,62.79697343671695,69.20527804149066,543.9977485217923
20240728,797,16,398,15,766,82.28191732832848,56.66079051003244,627.0572921616391
20240728,807,16,640,12,986,89.32185141291855,92.6373611412094,804.0407874458721
20240728,678,16,197,18,896,124.22459078618547,104.23897957010762,667.5364296437069
20240728,156,16,258,18,940,71.15145025637715,129.84498090275196,739.0035688408709
20240728,717,16,509,4,201,9.357891302150982,25.508144292161514,166.1339644056875
20240728,472,16,419,11,630,66.55238853788836,53.27427295187193,510.1733385102397
20240728,858,16,936,2,740,78.19474742820867,74.90617874903624,586.8990738227551
20240728,641,16,798,18,561,43.0394907831733,46.216351819049244,471.7441573977775
20240728,598,16,533,7,383,28.387962113592422,34.79443721667907,319.8176006697285
20240728,572,16,695,3,445,24.458580331875623,54.83050670936613,365.7109129587583
20240728,872,16,195,5,187,22.692889754089546,26.105311327534483,138.20179891837597
20240728,979,16,286,15,248,37.181652448133775,21.746798549125092,189.07154900274114
20240728,985,16,839,13,881,88.36647025121732,129.42198931367042,663.2115404351123
20240728,865,16,462,14,440,27.577958611871715,45.78716037809129,366.634881010037
20240728,574,16,213,18,554,52.29230057609355,65.99754263713892,435.7101567867675
20240728,10,16,433,14,869,41.73266261427905,78.9177521046645,748.3495852810564
20240728,395,16,494,14,610,38.06457476200667,56.87962238455722,515.0558028534361
20240728,235,16,436,17,898,65.0534422696582,101.62302303669023,731.3235346936516
20240728,875,16,437,14,713,35.5478242481849,59.55669712481086,617.8954786270042
20240728,200,16,712,3,126,4.95073992797193,7.377327515827931,113.67193255620015
20240728,107,16,607,18,376,34.67235943913098,20.169988090765663,321.15765247010336
20240728,934,16,970,9,640,80.95354917860284,78.68715328020266,480.3592975411945
20240728,713,16,418,18,567,22.0263355134767,33.52622845830028,511.447436028223
20240728,925,16,986,13,338,48.141071967840496,50.28072153050763,239.5782065016519
20240728,516,16,769,16,388,11.220246829359503,33.65603300254262,343.12372016809786
20240728,507,16,248,20,221,16.25829180537819,20.0809432648813,184.6607649297405
20240728,493,16,897,18,545,57.574349712967695,63.08333547723293,424.3423148097994
20240728,557,16,916,4,749,23.657524271537,56.94478364277768,668.3976920856853
20240728,513,16,471,19,534,38.60270635305464,59.44644747017183,435.95084617677355
20240728,406,16,778,6,740,60.78045079400997,86.73737096290218,592.4821782430879
20240728,581,16,449,15,117,4.428981331212017,10.504877105892435,102.06614156289555
20240728,63,16,914,9,137,3.8599527397479427,14.67274878469717,118.46729847555488
20240728,774,16,254,1,264,22.470953044892656,14.400460771754913,227.12858618335244
20240728,924,16,195,1,408,42.82963184296282,39.79076575530347,325.3796024017337
20240728,558,16,504,1,648,31.16104256470981,59.40637692138323,557.4325805139069
20240728,931,16,964,11,553,22.04636068657902,63.960617263411265,466.9930220500097
20240728,619,16,38,1,781,43.033079623385525,46.91893348043316,691.0479868961813
20240728,544,16,2,4,342,19.174935070350347,39.45103611128045,283.3740288183692
20240728,267,16,914,2,980,38.530824422964564,83.03987314961842,858.429302427417
20240728,130,16,910,12,202,15.78458100653419,23.283500170665462,162.93191882280036
20240728,664,16,79,10,468,53.53554156032709,43.257339202202,371.2071192374709
20240728,860,16,436,4,204,10.231913625949455,26.19485297825629,167.57323339579426
20240728,692,16,927,3,272,40.096522152867664,38.476685217290616,193.4267926298417
20240728,676,16,754,5,929,112.85008733327965,73.34622886898552,742.8036837977348
20240728,469,16,565,12,355,25.15747666870132,39.18199093667578,290.6605323946229
20240728,238,16,820,19,221,20.136677195032124,16.89748956906334,183.96583323590454
20240728,572,16,305,11,252,24.9709581058919,14.391150416823525,212.63789147728457
20240728,348,16,545,18,464,52.64861824540044,62.48107057978706,348.8703111748125
20240728,538,16,497,9,201,5.043614992829453,29.96785207201794,165.9885329351526
20240728,345,16,666,20,100,5.609215702522858,13.97244881227656,80.41833548520057
20240728,281,16,930,17,633,83.17390928178368,33.58459910935494,516.2414916088613
20240728,298,16,154,6,142,18.241748997085082,13.670259695283296,110.08799130763163
20240728,990,16,134,13,617,53.96934504849198,83.81798725955537,479.2126676919527
20240728,954,16,921,6,738,86.64654689055567,74.78682441825534,576.566628691189
20240728,23,16,444,9,1000,113.60425651702798,50.06631300492798,836.3294304780441
20240728,448,16,137,18,310,9.027246774760709,38.74010476959346,262.23264845564586
20240728,331,16,439,11,191,15.585924769454294,15.293590085518371,160.12048514502735
20240728,741,16,595,1,848,69.60282955703696,125.76284382110532,652.6343266218578
20240728,428,16,586,1,705,46.56842507643174,79.71712016184522,578.714454761723
20240728,775,16,696,18,141,6.934051784531693,10.509343491118218,123.55660472435008
20240728,613,16,723,19,806,83.05090027180354,98.83771088392915,624.1113888442674
20240728,483,16,61,11,960,91.85160006890004,77.07741971754375,791.0709802135561
20240728,786,16,273,17,800,36.02891867200427,66.83011741829964,697.1409639096961
20240728,484,16,172,1,812,86.8506168325714,85.10500558487594,640.0443775825527
20240728,817,16,370,13,250,37.163347953538064,31.699153077508647,181.13749896895328
20240728,826,16,338,13,523,11.971722324505325,56.33929695200649,454.68898072348816
20240728,264,16,497,20,775,77.0807786867344,96.69332739881915,601.2258939144465
20240728,353,16,133,8,930,109.95557616530222,50.40080117146076,769.643622663237
20240728,932,16,555,12,647,20.676395722813652,89.24219676938196,537.0814075078044
20240728,840,16,173,4,803,66.65998626044578,104.55035428770314,631.7896594518511
20240728,771,16,880,3,223,8.928634192613691,21.14830754356438,192.92305826382193
20240728,405,16,529,14,239,33.64856315775393,34.5667536200219,170.78468322222417
20240728,739,16,599,1,306,36.914072606281074,41.091371369642225,227.9945560240767
20240728,649,16,932,1,768,74.20250869633843,61.72937931202638,632.0681119916352
20240728,562,16,850,3,932,22.610618640206273,97.83845532470038,811.5509260350933
20240728,514,16,496,17,776,78.51652701665704,96.12757497693103,601.355898006412
20240728,773,16,317,13,204,19.8700166733151,14.176827971139033,169.95315535554587
20240728,148,16,310,6,411,57.45891407238155,52.421099833215585,301.11998609440286
20240728,418,16,22,17,943,110.65231573079696,121.73202530707951,710.6156589621235
20240728,968,16,289,8,326,21.328683876420182,33.851175414178584,270.82014070940124
20240728,482,16,169,18,193,25.612165521147592,12.228480213577074,155.15935426527534
20240728,583,16,249,15,406,35.96112682097839,23.047267286185605,346.991605892836
20240728,837,16,935,18,966,126.84483188298115,86.31146297302199,752.8437051439969
20240728,959,16,685,9,215,17.5414316876009,30.540229546734864,166.91833876566423
20240728,826,16,264,16,119,8.064063856516473,11.999708788107188,98.93622735537633
20240728,318,16,925,11,808,51.21060919776231,91.78534381753269,665.0040469847049
20240728,833,16,189,7,186,22.390766467366085,24.63418443999937,138.97504909263455
20240728,931,16,183,9,292,16.976641996739982,21.37713959615234,253.64621840710768
20240728,17,16,516,1,509,37.73751706184415,71.98232720015434,399.2801557380015
20240728,917,16,10,14,853,25.38055712047066,75.26233559095579,752.3571072885736
20240728,887,16,56,6,798,27.024748005456463,69.03126898959985,701.9439830049437
20240728,978,16,65,5,572,77.04520519710502,35.0074361113837,459.9473586915113
20240728,333,16,110,17,203,22.09410752976419,29.05580074567393,151.85009172456188
20240728,869,16,356,2,903,117.9975088535542,95.99659914105474,689.005892005391
20240728,870,16,750,9,743,88.69661111329478,86.49363463910923,567.809754247596
20240728,309,16,893,4,325,21.40811088273659,35.21156734552203,268.38032177174136
20240728,454,16,780,16,313,39.54288324618187,29.82738593008187,243.62973082373625
20240728,423,16,360,16,124,2.5103936753629355,6.385146149932938,115.10446017470413
20240728,795,16,370,1,996,73.87594857347104,91.95857199284725,830.1654794336816
20240728,750,16,244,20,438,22.15524755832865,27.198120103481045,388.64663233819033
20240728,246,16,143,18,417,22.422885427942056,61.9063588142665,332.6707557577914
20240728,727,16,788,13,914,34.666718249353835,111.07761385235169,768.2556678982944
20240728,944,16,7,11,413,37.55076569739754,60.62905946896189,314.8201748336406
20240728,293,16,898,5,218,9.341866249774917,26.478409459606183,182.1797242906189
20240728,159,16,940,1,614,55.76807713265364,50.01278716528236,508.219135702064
20240728,570,16,759,18,518,63.8396698356701,30.21198723202784,423.94834293230207
20240728,544,16,316,17,380,13.85936505313448,34.02383804661043,332.1167969002551
20240728,161,16,608,4,781,81.40614659300928,64.05413828950225,635.5397151174884
20240728,506,16,412,5,143,6.462373985816326,13.086344603145625,123.45128141103805
20240728,908,16,972,18,403,11.728149010580596,24.33120489482104,366.9406460945984
20240728,136,16,166,19,446,55.59897137368956,45.49323737053854,344.90779125577194
20240728,442,16,190,4,169,5.797421447121485,22.957649060374653,140.24492949250387
20240728,517,16,329,1,420,31.191160453978643,62.376895274667014,326.4319442713543
20240728,172,16,619,9,319,42.89664980364132,22.58666449615611,253.51668570020257
20240728,405,16,500,20,291,28.122874593619468,37.11205102663034,225.7650743797502
20240728,515,16,641,11,517,76.12443848006362,60.60401464522217,380.2715468747142
20240728,221,16,436,10,708,55.75101665024655,40.762177547569415,611.486805802184
20240728,191,16,907,15,627,43.673745460212054,48.206678685953484,535.1195758538345
20240728,457,16,361,9,341,8.455015378895295,25.842735117011596,306.7022495040931
20240728,385,16,732,1,956,70.83900082099117,82.50709085325789,802.653908325751
20240728,59,16,497,17,763,43.03317507640202,45.77708887282302,674.189736050775
20240728,95,16,252,9,550,69.15150591374004,33.83864744478476,447.0098466414752
20240728,856,16,308,11,431,52.61593427192624,30.6558638335054,347.7282018945684
20240728,564,16,639,10,649,82.3319256049736,72.47902253635927,494.18905185866714
20240728,80,16,338,3,449,43.155729080525745,63.73250414698929,342.111766772485
20240728,31,16,877,14,390,40.11816892288102,38.72793489820729,311.1538961789117
20240728,874,16,200,6,354,11.783541349014392,46.444795493019335,295.77166315796626
20240728,377,16,833,17,913,58.08013048579605,52.78343458179608,802.1364349324078
20240728,672,16,375,14,263,22.80774948086582,20.081595458615855,220.11065506051833
20240728,573,16,933,19,690,56.484411657428396,102.90148379465882,530.6141045479128
20240728,590,16,483,16,757,82.28467219960665,66.16539834268995,608.5499294577035
20240728,560,16,138,13,803,84.7975243623229,47.5174302766242,670.685045361053
20240728,894,16,605,18,606,37.49615440999789,60.905580822088915,507.5982647679132
20240728,250,16,527,9,454,51.47521096312416,42.74028513337081,359.784503903505
20240728,726,16,191,6,514,75.43920101019478,36.30234882350396,402.25845016630126
20240728,159,16,875,13,314,22.004836865216717,45.66907684351191,246.32608629127137
20240728,145,16,808,13,932,68.18379016226328,113.83408962229713,749.9821202154396
20240728,566,16,311,3,538,55.0329925169274,36.89815948129318,446.06884800177943
20240728,23,16,242,11,460,34.79873609646459,27.62413951479768,397.57712438873773
20240728,17,16,276,16,427,38.52635516867193,39.645506333603656,348.8281384977244
20240728,646,16,667,12,268,25.11012807781837,18.706796352910576,224.18307556927107
20240728,389,16,45,8,620,79.26136237535552,50.32015149621823,490.41848612842625
20240728,239,16,285,14,360,15.044845259597,43.64642533583565,301.3087294045673
20240728,164,16,456,7,439,20.977538456025524,40.316450330881516,377.70601121309295
20240728,132,16,974,13,134,3.9158867411339595,10.212205178585647,119.87190808028039
20240728,874,16,551,6,684,58.3801090595434,98.07995020271812,527.5399407377384
20240728,336,16,649,8,236,25.937474982745712,23.36511344634564,186.69741157090866
20240728,946,16,656,1,610,68.21412162595719,53.60756519321601,488.17831318082676
20240728,772,16,215,6,829,34.346009962185995,107.08206888037986,687.5719211574342
20240728,462,16,49,7,481,12.326170868347209,25.778288253617013,442.8955408780358
20240728,806,16,602,17,706,26.47933080952253,71.1583910532797,608.3622781371978
20240728,563,16,810,1,875,84.2433021849359,121.18250225681514,669.5741955582489
20240728,206,16,1000,10,637,37.52783795147681,48.623620374187915,550.8485416743353
20240728,283,16,119,9,431,11.211889574230055,60.37385914267798,359.41425128309197
20240728,634,16,906,11,606,12.913342806208009,41.40822449882708,551.678432694965
20240728,657,16,634,9,733,17.47351620674972,109.94279298849203,605.5836908047582
20240728,987,16,105,6,556,54.19308357931855,36.92540283929472,464.88151358138674
20240728,752,16,294,9,997,33.293881291238854,79.8540876434304,883.8520310653307
20240728,72,16,415,5,766,61.175430823404774,105.22635907802675,599.5982100985684
20240728,39,16,3,2,199,14.022629953600013,17.15545396226224,167.82191608413774
20240728,90,16,31,16,684,51.549191351533885,73.19812316009593,559.2526854883702
20240728,590,16,820,5,168,18.88248185490695,12.662143573452374,136.45537457164068
20240728,536,16,90,16,521,51.4737007008238,76.48655241334448,393.03974688583173
20240728,557,16,435,18,528,66.37680792595036,78.10426497585152,383.5189270981981
20240728,114,16,834,7,544,61.813880418951236,50.696294411737234,431.48982516931153
20240728,342,16,759,12,856,19.43234507546667,78.8445793652407,757.7230755592926
20240728,487,16,164,13,370,16.811993803894865,25.90092990485459,327.2870762912505
20240728,201,16,463,20,445,19.01146435121192,43.66544659125394,382.32308905753416
20240728,681,16,459,20,465,33.0631202217015,66.19653331795806,365.74034646034045
20240728,102,16,243,20,293,36.23697756618536,42.36074804462076,214.40227438919388
20240728,583,16,180,20,415,10.800592743449062,49.65366627613223,354.5457409804187
20240728,745,16,195,5,803,87.85924417706082,93.64220951587106,621.4985463070682
20240728,969,16,224,14,175,25.66964551303296,24.309149519821055,125.02120496714599
20240728,924,16,302,5,218,9.756374737242393,17.1409286463503,191.10269661640731
20240728,103,16,450,7,597,58.019224302872765,47.37718238732182,491.60359330980543
20240728,977,16,956,2,153,4.9211944385701045,20.53840565412705,127.54039990730284
20240728,706,16,299,4,150,21.45306513282268,14.205342842443576,114.34159202473374
20240728,955,16,16,11,637,42.759547855117084,95.32966310640109,498.9107890384818
20240728,355,16,462,20,295,37.31361042296529,21.54564009439745,236.14074948263726
20240728,976,16,275,7,524,20.28135178284688,51.80294220111693,451.9157060160362
20240728,141,16,340,20,103,8.049684640167088,12.087977880953177,82.86233747887974
20240728,777,16,879,3,430,43.71650137227434,46.178153192446324,340.10534543527933
20240728,210,16,756,4,804,49.75069497810986,41.2384255174231,713.0108795044671
20240728,783,16,556,15,640,80.38662812176285,65.46730597879466,494.1460658994425
20240728,767,16,661,13,403,48.756081301055076,53.825483886794274,300.4184348121506
20240728,666,16,779,8,186,18.332394408589792,24.863555603317533,142.8040499880927
20240728,702,16,943,7,270,18.429406039391647,26.96807433590811,224.60251962470025
20240728,353,16,426,8,269,13.938799234779696,17.854988883928673,237.20621188129164
20240728,310,16,375,6,736,33.091284391749326,101.07094998264724,601.8377656256034
20240728,464,16,791,11,805,91.53010038249364,120.5256967376965,592.9442028798098
20240728,695,16,352,7,500,38.23579572741384,64.20867926733284,397.55552500525334
20240728,705,16,317,13,591,52.23782369462647,56.237664124800204,482.5245121805733
20240728,43,16,191,12,736,79.28195503091322,40.29310708083041,616.4249378882564
20240728,690,16,823,2,893,112.61051587391464,77.89178622102045,702.4976979050649
20240728,726,16,824,11,127,16.68431161191999,18.923904105223464,91.39178428285655
20240728,910,16,371,16,400,59.460248738561674,29.43382743291919,311.10592382851917
20240728,162,16,301,4,912,79.10602241257764,49.780848051537845,783.1131295358846
20240728,800,16,390,9,202,12.713274528359909,26.481327824814926,162.80539764682516
20240728,675,16,919,16,209,7.853675608429032,15.566497326386505,185.57982706518447
20240728,60,16,785,10,478,18.54179232365482,46.49118446905207,412.9670232072931
20240728,193,16,682,13,944,55.42621499246439,93.9892737176738,794.5845112898618
20240728,320,16,907,15,870,62.386327553702515,94.4839730594907,713.1296993868068
20240728,623,16,914,12,350,15.610992337415494,20.863413987205604,313.5255936753789
20240728,3,16,931,15,617,86.99719397794765,62.45770964747348,467.54509637457886
20240728,532,16,78,20,768,49.74559262204454,52.76314554578471,665.4912618321707
20240728,510,16,218,3,455,67.63046310240274,45.507627250424854,341.8619096471724
20240728,271,16,315,15,566,63.430863996862236,70.35196642091239,432.2171695822254
20240728,525,16,809,3,367,52.84354787149738,51.13294479203305,263.0235073364696
20240728,218,16,59,16,374,24.44393978505383,46.12534407501479,303.4307161399314
20240728,181,16,37,7,936,42.83699992238266,54.769712257481864,838.3932878201355
20240728,804,16,60,18,396,45.986347517877824,48.02449667135272,301.9891558107695
20240728,19,16,449,5,597,85.1659517078024,82.08878566474225,429.74526262745536
20240728,359,16,712,2,621,48.38197885668229,80.10603760953352,492.5119835337842
20240728,712,16,328,11,278,25.135819204752533,31.752341375661356,221.11183941958612
20240728,903,16,149,15,825,23.654059479105026,86.78536847443984,714.5605720464551
20240728,683,16,355,19,622,22.652826077994998,54.99013668664636,544.3570372353587
20240728,469,16,4,8,571,82.8789144239764,70.90016888332967,417.22091669269395
20240728,937,16,371,1,906,124.25775225588222,55.224634283665544,726.5176134604523
20240728,686,16,938,6,811,79.47118267898595,58.258595761806475,673.2702215592076
20240728,122,16,781,2,330,30.14460930404177,40.28271520377624,259.572675492182
20240728,746,16,990,2,469,38.009754927821106,32.41913315088088,398.571111921298
20240728,717,16,574,10,195,9.65970005195008,10.821591935045515,174.5187080130044
20240728,460,16,571,18,309,28.678189071435764,34.06973366356561,246.25207726499863
20240728,22,16,856,4,425,36.96388071779618,48.56955841358473,339.4665608686191
20240728,297,16,147,20,937,131.56638779867097,79.33228125017722,726.1013309511518
20240728,905,16,196,6,909,111.10782877872973,82.80525693284108,715.0869142884292
20240728,917,16,461,10,613,34.69574166262477,43.52506093287455,534.7791974045007
20240728,862,16,296,14,547,81.53718745186636,55.763643011926774,409.69916953620685
20240728,485,16,322,5,587,67.91050190206485,76.67855581608453,442.4109422818506
20240728,185,16,587,17,262,15.347324883985369,19.70936536108409,226.94330975493054
20240728,144,16,65,14,537,74.79016999878773,77.47194610780524,384.737883893407
20240728,22,16,586,5,373,30.955080600339905,29.803517406204943,312.24140199345516
20240728,181,16,487,1,379,44.970034932938376,34.836240571795535,299.1937244952661
20240728,594,16,904,17,262,26.035398333450093,19.49690568062255,216.46769598592735
20240728,893,16,195,4,229,7.157451327207518,15.558734912260148,206.28381376053233
20240728,421,16,766,15,749,39.7991256859789,75.10294295787476,634.0979313561463
20240728,510,16,112,10,254,19.733657543789167,14.930868567589247,219.33547388862158
20240728,902,16,757,8,687,76.8786768099967,64.9410618356436,545.1802613543597
20240728,3,16,371,17,409,21.215602584659173,50.55773936033632,337.2266580550045
20240728,23,16,308,4,769,65.57965118869507,65.06188552518756,638.3584632861174
20240728,353,16,287,1,953,83.4172752887971,64.88929956355341,804.6934251476495
20240728,300,16,556,4,595,72.80003873379381,55.54038459335736,466.65957667284886
20240728,190,16,899,13,379,52.437212906796574,23.3028392437701,303.25994784943333
20240728,156,16,229,11,682,58.31792012617993,49.765128458945426,573.9169514148747
20240728,943,16,718,9,323,40.32993665723534,23.020100100446026,259.6499632423186
20240728,367,16,992,20,213,14.392813300295755,17.8740114885752,180.73317521112904
20240728,885,16,635,5,701,101.73885075748461,94.26376585360047,504.9973833889149
20240728,561,16,453,8,647,67.00622782539457,59.46415990612278,520.5296122684827
20240728,175,16,637,8,137,3.6468068304901617,20.49198954026596,112.86120362924387
20240728,440,16,473,1,793,50.27010256478615,70.34360340846713,672.3862940267468
20240728,453,16,260,20,342,18.11658877420576,40.75651955624474,283.1268916695495
20240728,113,16,929,5,859,51.09910777684812,90.97481146998308,716.9260807531688
20240728,550,16,498,10,849,19.819739034433198,98.25036080595737,730.9299001596095
20240728,838,16,7,14,502,74.36278989205636,68.63209006021697,359.0051200477267
20240728,294,16,375,13,483,20.906087668736088,32.996604254084076,429.09730807717983
20240728,174,16,286,14,856,87.05154417238215,98.20902375737955,670.7394320702383
20240728,150,16,84,8,348,21.986019576387168,23.560085059955693,302.4538953636571
20240728,557,16,488,18,461,41.26962336657533,56.1222043845257,363.608172248899
20240728,630,16,749,5,129,17.789340539301474,10.559593626711058,100.65106583398747
20240728,511,16,761,16,436,45.413566252183045,24.108813345693644,366.4776204021233
20240728,487,16,151,6,953,89.05528520166332,125.24057505307606,738.7041397452606
20240728,368,16,344,14,179,5.755899096287964,19.72787747441368,153.51622342929835
20240728,648,16,972,3,211,21.38459736813147,31.03864247788333,158.57676015398522
20240728,56,16,113,9,418,52.7154083006602,39.01205560417634,326.27253609516345
20240728,91,16,456,15,975,127.54387404546713,106.48580119788558,740.9703247566473
20240728,375,16,576,19,712,79.4526152194935,39.84131167979289,592.7060731007136
20240728,53,16,68,20,770,45.58942760071875,104.57050101636472,619.8400713829166
20240728,405,16,595,3,377,26.12513002705865,51.36704134575495,299.5078286271864
20240728,943,16,338,11,698,103.63753671074394,93.06004901710075,501.3024142721553
20240728,881,16,657,11,868,98.30936169097451,46.158284679016425,723.5323536300091
20240728,264,16,347,8,661,65.29202838848286,59.85333072667563,535.8546408848415
20240728,616,16,833,2,310,17.21337632561235,44.466788216451896,248.31983545793577
20240728,145,16,711,5,954,33.870220267604786,69.62295624164948,850.5068234907458
20240728,749,16,105,3,978,30.399184897101517,142.20983885339052,805.390976249508
20240728,616,16,971,5,903,39.304475329749266,79.14845759469256,784.5470670755582
20240728,135,16,907,19,334,39.16813053391652,23.542907110738568,271.2889623553449
20240728,283,16,403,19,212,4.845125811107976,19.780210526364748,187.37466366252727
20240728,478,16,779,4,835,27.450442184866166,75.00227388132845,732.5472839338054
20240728,773,16,454,4,830,33.57266524614121,76.76060157039056,719.6667331834682
20240728,112,16,369,8,515,55.81894521734095,31.009112460963212,428.17194232169584
20240728,127,16,209,1,786,107.99278683212613,89.74349848239798,588.2637146854759
20240728,653,16,327,19,983,99.3183151549589,71.57918484651779,812.1024999985233
20240728,848,16,870,13,666,67.6338797335615,68.51866963157404,529.8474506348645
20240728,798,16,584,1,152,13.532045493243686,12.539097871552697,125.92885663520362
20240728,857,16,981,18,569,45.86000747613051,35.69055941324884,487.44943311062065
20240728,436,16,317,17,467,37.898662447279314,38.56631980254833,390.53501775017236
20240728,585,16,352,19,951,110.89263647508763,63.31094830465995,776.7964152202524
20240728,738,16,165,3,938,57.64198042394518,93.2105644161748,787.14745515988
20240728,669,16,70,11,680,32.22659758351724,56.002499885818395,591.7709025306643
20240728,620,16,276,3,470,39.62223933186163,43.66946049687746,386.70830017126093
20240728,197,16,999,19,707,32.70939815385166,39.54516097304244,634.745440873106
20240728,80,16,682,14,895,52.294465591339744,77.05976357278807,765.6457708358722
20240728,880,16,396,11,662,54.351736255573115,41.037096171397486,566.6111675730294
20240728,870,16,509,7,778,78.18384588567758,44.99540666641171,654.8207474479107
20240728,92,16,977,1,249,24.569106678447685,28.33014307166218,196.10075024989013
20240728,412,16,101,15,589,56.32490651205573,52.01550052955228,480.65959295839195
20240728,816,16,874,10,988,125.76520855243206,134.27864996750264,727.9561414800653
20240728,818,16,583,10,522,10.657605168588255,43.50074503952475,467.841649791887
20240728,422,16,347,1,765,48.09766647440823,53.920431030409596,662.9819024951821
20240728,493,16,725,11,565,18.34557662492201,48.28615092298281,498.3682724520952
20240728,194,16,535,8,898,39.191294763242595,120.95717290032385,737.8515323364336
20240728,500,16,898,1,394,37.37312241047578,51.38020447793755,305.2466731115867
20240728,746,16,939,5,735,46.15706040498544,63.2075407775814,625.6353988174332
20240728,830,16,484,3,251,7.828314555615911,14.910741274749958,228.26094416963412
20240728,903,16,725,7,742,41.787080316197176,79.685151506103,620.5277681776998
20240728,163,16,582,3,523,11.42225380884928,76.91705674253488,434.6606894486158
20240728,670,16,743,12,386,14.348707514677937,56.73848575440421,314.91280673091785
20240728,819,16,798,7,432,57.50467245148286,53.39151543333813,321.10381211517904
20240728,940,16,193,14,521,34.20410991140643,60.625968528494184,426.1699215600994
20240728,954,16,988,16,625,22.91827404113502,73.39867882231479,528.6830471365502
20240728,681,16,141,11,736,39.40111508680379,64.68231528499823,631.916569628198
20240728,340,16,429,18,540,43.072019716051564,32.45593328500123,464.47204699894723
20240728,806,16,431,5,359,40.74567627582701,26.556170212358793,291.6981535118142
20240728,426,16,732,8,419,34.915889866163326,59.00758037191779,325.0765297619189
20240728,595,16,850,4,247,14.798059924837514,29.32910883052133,202.87283124464116
20240728,187,16,543,10,114,12.631805489774605,15.474099882782237,85.89409462744317
20240728,371,16,737,16,362,51.54743699485682,22.385696766644948,288.0668662384982
20240728,448,16,698,9,973,75.8517741631706,111.67314022310377,785.4750856137257
20240728,845,16,405,3,129,7.873267489644207,7.667237320981656,113.45949518937414
20240728,818,16,446,9,712,29.326100295189573,89.26538368497012,593.4085160198404
20240728,5,16,867,13,379,32.25701632419731,35.015528987907814,311.72745468789486
20240728,637,16,777,13,773,67.64339365693971,75.48990702677904,629.8666993162813
20240728,484,16,870,19,531,43.74310937241407,65.41830162318368,421.83858900440225
20240728,607,16,365,5,785,78.51822767166796,57.887375482010235,648.5943968463218
20240728,102,16,288,3,588,60.65210555904446,88.17060819204755,439.177286248908
20240728,890,16,727,5,943,136.41429872400408,138.68653713134722,667.8991641446487
20240728,690,16,813,17,739,98.08742939300674,76.74808447799754,564.1644861289957
20240728,396,16,437,6,261,20.698270031840202,33.96135716319059,206.3403728049692
20240728,668,16,411,4,347,19.918766166526424,25.74169520579648,301.3395386276771
20240728,748,16,411,14,403,42.235219214528726,21.281471991081837,339.4833087943894
20240728,484,16,16,15,243,31.391716039312186,22.93164086708363,188.67664309360418
20240728,305,16,876,5,211,6.9887117479289325,30.044312499215714,173.96697575285535
20240728,233,16,56,13,613,66.25347805899636,52.22881529901077,494.51770664199285
20240728,777,16,840,15,710,22.17179732087501,63.86014972716569,623.9680529519593
20240728,635,16,883,3,886,30.40099261692632,113.78282402792765,741.816183355146
20240728,588,16,170,4,455,31.5386140919692,60.36623393757725,363.09515197045357
20240728,279,16,969,12,756,37.7447624832823,86.42247584218622,631.8327616745315
20240728,427,16,516,1,789,22.768604138237475,43.45489056263541,722.7765052991272
20240728,781,16,489,7,153,11.954655537381404,16.592769140147812,124.45257532247078
20240728,625,16,247,10,527,63.39188665705092,73.80744228094437,389.8006710620047
20240728,73,16,542,14,674,74.24807577015788,98.19055399356306,501.56137023627906
20240728,756,16,757,16,555,71.42463041410986,30.565458362090634,453.0099112237995
20240728,530,16,509,4,920,120.3590086030955,117.60658328222502,682.0344081146795
20240728,955,16,323,6,608,61.07624842595059,47.47933610237498,499.44441547167446
20240728,932,16,874,14,703,64.17568422004135,50.45763829380104,588.3666774861576
20240728,935,16,302,6,974,61.88471267855701,99.83071903504263,812.2845682864004
20240728,361,16,593,19,937,123.06666784144576,109.46121675124714,704.4721154073071
20240728,47,16,189,9,118,7.253565430374371,9.322620114615022,101.42381445501061
20240728,639,16,384,20,510,42.57974332262423,59.85625778553022,407.5639988918456
20240728,897,16,268,7,414,37.1996562672237,31.05647984316392,345.7438638896124
20240728,835,16,997,19,891,107.98273812516386,79.68097940878688,703.3362824660493
20240728,679,16,704,1,698,55.59964483819262,101.67111400675263,540.7292411550548
20240728,846,16,139,3,996,97.4264644233738,99.79414110539314,798.779394471233
20240728,307,16,683,15,151,15.990724955020292,15.244704396505886,119.76457064847382
20240728,814,16,496,8,626,20.378939099236554,91.22769922373612,514.3933616770273
20240728,84,16,253,1,492,41.11554856698425,43.25560725563642,407.62884417737934
20240728,671,16,91,13,567,25.078632252003747,55.505469180405846,486.4158985675904
20240728,125,16,516,12,586,17.579466514761705,73.09050888361806,495.33002460162027
20240728,854,16,852,15,873,81.62122748358911,99.78931938041113,691.5894531359997
20240728,148,16,737,7,364,39.86969702692602,43.72989126632068,280.4004117067533
20240728,338,16,497,17,671,93.20979867626141,72.58035630905363,505.20984501468496
20240728,662,16,240,16,107,9.682137071174624,9.883842904080732,87.43402002474464
20240728,160,16,437,19,161,11.080672346038671,8.754473988016038,141.1648536659453
20240728,127,16,437,18,971,77.96442932135625,95.41251865978684,797.6230520188569
20240728,416,16,848,18,346,39.35405432661993,49.50531933996078,257.1406263334193
20240728,278,16,24,20,694,31.48322263707074,65.68688260727069,596.8298947556585
20240728,467,16,463,9,690,89.11462479206034,39.72945145171644,561.1559237562233
20240728,283,16,711,14,353,29.091135554239372,19.97131506490715,303.9375493808535
20240728,649,16,636,20,427,32.287695625341996,29.83599254217724,364.8763118324808
20240728,10,16,935,6,603,42.70156389036537,81.61406330622385,478.6843728034108
20240728,200,16,239,11,439,31.1066949482267,40.90497482806656,366.9883302237067
20240728,110,16,779,14,397,33.66081390651584,47.30060772042786,316.0385783730563
20240728,367,16,485,20,915,25.687425110558358,57.84122213495403,831.4713527544876
20240728,80,16,600,8,182,11.71624786264489,17.40142736495313,152.88232477240197
20240728,357,16,200,15,274,20.410650708456455,39.63376047300472,213.95558881853884
20240728,591,16,399,9,947,87.94844011718419,122.99447226706845,736.0570876157474
20240728,861,16,537,16,690,65.99300682839291,62.84868707625012,561.1583060953569
20240728,789,16,1000,14,320,44.70105360423616,29.741407531782833,245.557538863981
20240728,624,16,668,4,429,21.117750341529618,37.10973612784657,370.7725135306238
20240728,469,16,666,4,814,32.96118156055042,108.46402109214459,672.574797347305
20240728,670,16,98,8,685,81.46238088443828,95.33530628216172,508.2023128334
20240728,909,16,836,6,286,16.287939800036508,17.132534986645943,252.57952521331754
20240728,226,16,36,12,132,11.949512003036435,13.915414367633595,106.13507362932997
20240728,528,16,524,1,421,36.42198124924808,48.93403822170304,335.6439805290489
20240728,857,16,959,3,852,109.77232294956013,72.13107701430218,670.0966000361377
20240728,562,16,761,5,393,44.64469079472444,47.38913326876669,300.9661759365089
20240728,775,16,488,5,937,55.745430292705464,139.39459079802864,741.8599789092659
20240728,34,16,894,18,295,18.029935371135295,36.294191150444384,240.67587347842033
20240728,693,16,706,16,137,2.9418091365954964,14.12298791707303,119.93520294633147
20240728,659,16,467,13,695,25.436619319914197,101.85533015238585,567.7080505276999
20240728,508,16,234,11,190,24.74305910710697,23.21278839932155,142.0441524935715
20240728,331,16,148,4,710,20.02487462964433,47.50973476127079,642.4653906090849
20240728,203,16,477,10,376,19.36811544317527,52.499003273575696,304.13288128324905
20240728,787,16,545,18,450,48.74480373357625,30.62997540670698,370.62522085971676
20240728,17,16,265,18,704,69.57638190536814,56.56625141123763,577.8573666833943
20240728,68,16,880,1,466,61.43703292436276,52.85368791250992,351.70927916312735
20240728,241,16,563,2,506,57.708374349702844,30.36960781221774,417.9220178380794
20240728,876,16,454,15,353,35.891371584224274,48.61749695503313,268.4911314607426
20240728,264,16,921,10,327,27.40111458062746,30.553792596835926,269.0450928225366
20240728,59,16,163,7,722,62.68935309868358,60.94711881894898,598.3635280823675
20240728,860,16,385,15,753,27.143154057385793,104.5573097498551,621.2995361927591
20240728,258,16,663,20,836,47.48221726640504,45.43767131500097,743.080111418594
20240728,922,16,196,15,133,9.789225197048191,11.404309064505341,111.80646573844646
20240728,963,16,464,11,379,47.268063168840754,27.16561521743679,304.56632161372244
20240728,356,16,642,17,784,24.522390263499094,44.2619468023891,715.2156629341118
20240728,596,16,813,14,655,25.56163788585026,53.65127717290852,575.7870849412412
20240728,979,16,569,20,491,12.696363018739332,40.206960810476055,438.09667617078463
20240728,882,16,252,14,322,28.279615118437793,45.0982192684182,248.622165613144
20240728,70,16,972,5,804,47.02631815501884,91.22424211086633,665.7494397341148
20240728,829,16,401,4,134,5.423809888609427,16.850878879421828,111.72531123196875
20240728,399,16,547,2,772,49.71849507987805,73.49036022881762,648.7911446913043
20240728,597,16,994,18,299,38.336302484636704,26.535210327268288,234.128487188095
20240728,568,16,28,5,881,96.93996745154723,51.977002873473815,732.0830296749789
20240728,256,16,147,17,650,80.98848247053591,33.93773237387958,535.0737851555846
20240728,993,16,689,14,895,111.24474253234239,110.03110264701115,673.7241548206464
20240728,223,16,378,8,948,25.62246119406362,66.53679587399819,855.8407429319382
20240728,612,16,439,19,192,21.29467533676292,23.118556488691727,147.58676817454534
20240728,794,16,785,6,662,24.261038143600178,91.20240640632885,546.536555450071
20240728,466,16,952,12,314,15.186352810787158,23.751392016717187,275.06225517249567
20240728,832,16,139,7,627,88.45828350696847,93.89796555680745,444.6437509362241
20240728,10,16,124,19,255,37.226646392969975,24.686771421406558,193.08658218562346
20240728,387,16,14,4,505,23.987002949236363,62.20001090483755,418.81298614592606
20240728,782,16,696,13,945,37.10185692394526,135.91730319267177,771.9808398833829
20240728,792,16,613,10,806,65.49034139346739,111.64923827943245,628.8604203271002
20240728,826,16,542,2,506,26.58843075839799,58.05184219212072,421.3597270494813
20240728,87,16,496,16,313,19.075294649738932,39.808745185458505,254.11596016480257
20240728,443,16,778,17,909,115.59078908488203,76.87979913543829,716.5294117796797
20240728,724,16,347,9,953,19.48951767938208,129.08917045123167,804.4213118693863
20240728,983,16,570,15,147,21.08879532479706,11.351420539756457,114.55978413544648
20240728,86,16,860,6,630,72.15075538797122,82.4185381654117,475.4307064466171
20240728,565,16,926,5,214,13.504122416076076,26.346470006660173,174.14940757726376
20240728,713,16,763,7,470,14.781352737862406,30.415755717213177,424.8028915449244
20240728,127,16,964,5,489,46.17920672001622,51.31302773965548,391.5077655403283
20240728,172,16,942,18,411,59.502413537858054,56.926696037745856,294.5708904243961
20240728,162,16,371,9,519,46.674892746226995,32.9105175110695,439.41458974270347
20240728,333,16,906,17,993,128.4533740887363,63.6314745581353,800.9151513531284
20240728,918,16,629,13,530,47.85590908389359,55.57854609463368,426.5655448214727
20240728,884,16,154,8,564,12.556768274102208,51.015802157817475,500.4274295680803
20240728,377,16,49,19,729,71.69878136558773,105.84597206854417,551.455246565868
20240728,990,16,864,9,988,81.16161521194473,122.42585178293,784.4125330051253
20240728,651,16,865,6,355,15.692324433009142,24.265294264750704,315.04238130224013
20240728,978,16,439,12,865,122.8932619644435,68.7816345941471,673.3251034414094
20240728,47,16,341,9,168,17.330816735514563,19.840895619859808,130.82828764462562
20240728,653,16,698,4,894,125.76708311173036,115.04740571753804,653.1855111707316
20240728,266,16,319,16,560,70.18617933134882,79.53231755846669,410.2815031101845
20240728,342,16,364,17,240,23.12619536890346,27.08514094459833,189.7886636864982
20240728,788,16,151,12,242,15.915305772360908,21.492109638876695,204.5925845887624
20240728,386,16,229,18,375,13.75839440319927,45.286186270283316,315.9554193265174
20240728,102,16,234,7,987,82.14946404166464,73.83236850627799,831.0181674520574
20240728,959,16,40,11,744,18.214136288941983,84.27005642173546,641.5158072893225
20240728,204,16,612,7,440,60.891980074913434,46.36912742785213,332.7388924972345
20240728,39,16,394,2,431,39.767514607883506,28.485411382381066,362.74707400973546
20240728,515,16,610,17,386,18.935238226686558,30.525148641693914,336.53961313161955
20240728,499,16,761,10,154,19.907796663140992,21.446542172563582,112.64566116429543
20240728,847,16,583,2,598,79.04034570144633,35.05638610919903,483.90326818935466
20240728,947,16,6,12,603,85.39285824022123,36.365597052325995,481.24154470745276
20240728,404,16,76,8,622,30.048026583394304,44.1157246215413,547.8362487950644
20240728,787,16,261,15,477,55.30396221951985,60.029957690993264,361.66608008948685
20240728,710,16,323,15,602,61.77511770662662,61.42319607953965,478.8016862138337
20240728,408,16,894,8,478,65.49291723026353,55.09551149318592,357.41157127655055
20240728,674,16,529,11,636,68.64480217463642,92.33829028066377,475.0169075446998
20240728,931,16,482,3,224,14.805447167579219,19.307088458558354,189.88746437386243
20240728,806,16,364,9,273,40.58396859772268,17.49498020670951,214.92105119556783
20240728,502,16,827,17,231,23.364459581838542,28.93381744459103,178.70172297357044
20240728,701,16,710,5,123,11.006557104010609,9.584059026839471,102.40938386914992
20240728,974,16,876,14,515,24.39623326775752,46.51447958422936,444.0892871480131
20240728,143,16,782,20,800,102.32713553904442,71.08529498703894,626.5875694739166
20240728,917,16,317,20,656,95.36697961142497,90.62430697932375,470.0087134092513
20240728,856,16,83,11,191,26.01149592462552,11.875910253765076,153.1125938216094
20240728,577,16,415,4,157,12.6460248565534,21.675073992718026,122.67890115072858
20240728,521,16,592,18,905,61.53967112179416,126.25281611768558,717.2075127605203
20240728,364,16,147,6,527,32.15602484629142,56.38479460598484,438.45918054772375
20240728,77,16,218,4,879,106.99482227945616,131.44760671052208,640.5575710100218
20240728,151,16,72,12,921,124.04275006799452,78.52820026615257,718.429049665853
20240728,864,16,551,11,964,127.05834885545502,87.80176856482832,749.1398825797166
20240728,97,16,737,18,788,95.37531251465438,42.422671659462,650.2020158258836
20240728,365,16,943,19,651,70.20042289411151,64.72911307569528,516.0704640301932
20240728,701,16,151,3,958,22.072491042498346,78.20177823638622,857.7257307211155
20240728,224,16,588,12,302,31.258575311444247,15.951271835993447,254.7901528525623
20240728,862,16,982,14,338,33.29719185160596,20.75583545191392,283.9469726964801
20240728,384,16,477,8,755,107.0257540925581,80.51243484758595,567.461811059856
20240728,654,16,851,18,329,46.01997935967502,45.01253055359284,237.96749008673214
20240728,24,16,754,4,623,38.80323639786438,71.53419296466788,512.6625706374678
20240728,483,16,972,5,124,16.03264527910323,17.047913015771197,90.91944170512556
20240728,949,16,539,17,193,9.534558733455972,16.14932367999923,167.3161175865448
20240728,935,16,60,11,532,22.66999671565131,55.57602845570945,453.75397482863923
20240728,949,16,525,6,512,66.79889124984992,29.113367222481624,416.08774152766847
20240728,570,16,986,9,462,55.85388567968698,35.8855758695825,370.2605384507305
20240728,423,16,43,2,704,73.49468437868155,92.91800833709831,537.5873072842201
20240728,486,16,76,11,819,23.77253556459934,69.37086583347688,725.8565986019238
20240728,103,16,508,2,474,37.764948985902286,32.46506094700398,403.7699900670938
20240728,338,16,882,3,541,28.96985200708553,76.3338560626501,435.69629193026435
20240728,857,16,590,18,824,74.13972984834261,43.985626150300995,705.8746440013564
20240728,428,16,274,10,629,70.46736781701698,84.75265777767888,473.77997440530413
20240728,970,16,298,14,695,23.779235720454917,77.89310241003649,593.3276618695086
20240728,647,16,100,6,415,31.704616435857275,27.58132666318488,355.71405690095787
20240728,901,16,719,12,707,51.96982673969429,92.88164044224783,562.1485328180579
20240728,40,16,850,18,819,71.67405370931563,42.49924958789304,704.8266967027913
20240728,985,16,277,2,468,46.97541646595239,31.733679139811947,389.29090439423567
20240728,806,16,454,11,736,83.36335032137362,108.79310416817341,543.8435455104529
20240728,653,16,708,1,415,24.332271425899965,51.30315859624316,339.3645699778569
20240728,505,16,970,9,754,39.43356595466516,111.01523102333641,603.5512030219984
20240728,651,16,66,3,697,45.03054410514911,52.21286750516225,599.7565883896887
20240728,759,16,519,8,917,69.69648160212449,121.62015782897804,725.6833605688975
20240728,74,16,469,18,908,35.8466373028062,76.3620470065158,795.791315690678
20240728,973,16,932,20,903,18.2576512764912,117.31108528860315,767.4312634349056
20240728,914,16,795,18,915,92.09602057663378,66.2492046593193,756.6547747640469
20240728,636,16,39,10,862,46.544755285294286,44.27859208851671,771.176652626189
20240728,226,16,179,14,820,100.40044724374219,92.276575374268,627.3229773819899
20240728,814,16,948,16,730,62.57065429571951,85.62481885637793,581.8045268479026
20240728,474,16,13,4,306,6.86934720033067,20.05402244499878,279.07663035467056
20240728,8,16,8,17,609,45.92738846956957,30.80116401489801,532.2714475155324
20240728,496,16,2,13,118,4.9510694387803165,16.433310818970497,96.61561974224918
20240728,295,16,429,17,848,58.779468689555074,91.27373909745671,697.9467922129882
20240728,516,16,325,20,364,38.43030047337632,42.9783259267423,282.59137359988136
20240728,735,16,583,7,561,47.49695784338232,28.396749799467607,485.1062923571501
20240728,577,16,405,10,195,15.354086650183072,14.427354208276585,165.21855914154034
20240728,260,16,343,2,405,22.6329275026604,36.20499524455544,346.1620772527842
20240728,968,16,881,14,866,23.020928390711415,84.8427817973561,758.1362898119324
20240728,745,16,650,11,934,111.0616130690948,101.2733286490592,721.665058281846
20240728,499,16,390,8,215,10.126807029494447,29.71520236282537,175.15799060768018
20240728,484,16,512,14,789,62.596939684793945,64.1668812799691,662.236179035237
20240728,430,16,693,5,141,7.2412968376738505,14.102220278970472,119.65648288335568
20240728,915,16,108,8,880,79.83617398555388,71.90152411890074,728.2623018955453
20240728,244,16,486,10,532,71.93837599281198,77.30010095992789,382.76152304726014
20240728,853,16,387,6,511,44.04438383282363,32.046122458535905,434.90949370864047
20240728,104,16,777,16,178,14.725324700639318,23.23657422394974,140.03810107541094
20240728,296,16,402,9,383,26.19322339267613,47.784457754261155,309.0223188530627
20240728,525,16,87,13,888,62.616683664009784,79.58273514916469,745.8005811868255
20240728,496,16,20,10,543,45.088454350797015,33.95595087188108,463.9555947773219
20240728,230,16,261,13,407,20.040617652902384,30.183077930104265,356.77630441699336
20240728,511,16,116,5,792,41.990091042581476,112.71694441053589,637.2929645468827
20240728,452,16,490,16,872,103.54523682451176,95.97558416897434,672.479179006514
20240728,911,16,174,14,882,98.72580964430878,49.56852944285908,733.7056609128322
20240728,552,16,721,1,939,19.741675540508027,87.97316178764346,831.2851626718485
20240728,136,16,125,3,176,18.98181540106448,21.69251626858044,135.3256683303551
20240728,75,16,927,19,283,30.396567987011974,40.859975496378965,211.74345651660906
20240728,77,16,354,1,115,13.560672534487527,16.721455571011393,84.71787189450109
20240728,515,16,321,20,401,34.18371086315447,38.779229536058025,328.03705960078753
20240728,385,16,115,8,908,124.8238550135197,67.95757927535475,715.2185657111256
20240728,110,16,840,11,489,36.10225195004219,62.7526515125122,390.1450965374456
20240728,750,16,296,15,645,42.85731870660069,44.75039112409672,557.3922901693026
20240728,261,16,939,14,509,59.460167246968304,67.72230096954488,381.81753178348686
20240728,368,16,324,16,105,13.039338006426213,12.504846937807843,79.45581505576595
20240728,413,16,482,15,631,37.74993038704692,71.59257585073934,521.6574937622138
20240728,45,16,206,14,728,76.71546280348026,40.50457631181446,610.7799608847052
20240728,488,16,435,5,128,14.303566287287266,18.619407684791735,95.077026027921
20240728,876,16,400,20,588,66.1122294282113,32.21630291861442,489.6714676531743
20240728,751,16,162,20,372,45.451495578188926,30.132213436455938,296.41629098535515
20240728,321,16,11,7,491,40.29181278562192,47.56054482269645,403.14764239168164
20240728,402,16,141,18,638,67.37964961906702,64.08977830102366,506.53057207990935
20240728,808,16,66,14,775,38.013340175925286,113.3478211220032,623.6388387020716
20240728,717,16,720,18,908,44.4024645393922,94.30658577206327,769.2909496885445
20240728,68,16,177,15,556,68.91339335732118,46.09324640123383,440.993360241445
20240728,8,16,659,14,572,26.900670338023854,83.15084828721105,461.9484813747651
20240728,111,16,866,17,371,30.717341659029337,36.77881527443381,303.5038430665369
20240728,690,16,85,1,130,17.768402667156813,14.927386378899744,97.30421095394344
20240728,540,16,667,6,387,55.23643303469886,54.6852429037457,277.07832406155546
20240728,435,16,148,9,401,10.254915351365762,52.19991840132885,338.54516624730536
20240728,572,16,654,2,203,10.544525191040256,29.963060689765012,162.49241411919473
20240728,80,16,702,5,221,10.658244355158232,20.22090174207469,190.12085390276707
20240728,487,16,694,2,397,38.29233500273194,45.8882165686336,312.8194484286345
20240728,740,16,582,4,391,50.06620012288689,30.688878306594333,310.2449215705188
20240728,398,16,563,19,775,29.866237057138164,84.66861626409569,660.4651466787661
20240728,288,16,683,8,285,9.028153553112473,30.697736895806322,245.2741095510812
20240728,124,16,799,10,647,20.16439897003171,42.13663306306678,584.6989679669015
20240728,886,16,223,15,619,88.49522320976516,58.65922433925232,471.8455524509825
20240728,907,16,762,15,274,7.471477395995867,30.384026118388427,236.14449648561572
20240728,684,16,664,5,563,70.77637571879069,79.2066032300028,413.0170210512065
20240728,522,16,149,16,714,60.230696832428315,50.544473537200545,603.2248296303711
20240728,839,16,865,18,402,52.14475421442898,42.84893759935615,307.0063081862149
20240728,505,16,797,7,171,18.229900578167452,18.449699060137917,134.32040036169462
20240728,562,16,200,7,651,95.01940818909789,73.0529925548391,482.927599256063
20240728,758,16,556,1,292,40.14802419892655,27.99749099085909,223.85448481021436
20240728,597,16,673,4,120,13.97967622083757,16.367110229155074,89.65321355000737
20240728,230,16,844,5,499,37.39146308991879,44.34368439848846,417.2648525115927
20240728,533,16,71,3,255,34.76939981162001,31.456826723688746,188.77377346469126
20240728,72,16,914,1,134,14.232686862436694,9.360508640509776,110.40680449705353
20240728,77,16,845,11,534,35.06248669833868,46.829244907441236,452.1082683942201
20240728,45,16,299,4,771,15.548667308248316,95.46324752574577,659.9880851660059
20240728,686,16,961,19,931,80.42439857237326,51.0105641097728,799.5650373178539
20240728,745,16,823,18,193,26.791628452732578,16.312364916810807,149.8960066304566
20240728,574,16,452,2,817,109.17616008200173,45.246866564206506,662.5769733537918
20240728,552,16,923,12,460,30.5992974027327,26.505481026676268,402.89522157059105
20240728,178,16,363,18,288,30.74210343431064,35.806892014527946,221.45100455116142
20240728,106,16,329,13,643,55.85728507760426,54.78227759623183,532.360437326164
20240728,143,16,432,4,540,44.18007472663757,73.68579447366375,422.1341307996987
20240728,865,16,117,6,353,43.5446798446826,51.88422702103509,257.5710931342823
20240728,358,16,114,6,428,9.235102998274185,36.262964051631485,382.50193295009433
20240728,27,16,416,10,439,48.0587345454512,59.53790471196679,331.403360742582
20240728,48,16,265,10,863,107.0306379525495,68.73196696136083,687.2373950860897
20240728,463,16,91,13,282,9.583418830903627,23.590666265748972,248.8259149033474
20240728,207,16,283,1,703,60.23019176174667,72.03582874524923,570.7339794930041
20240728,773,16,859,18,132,9.125450613953351,11.864209915681915,111.01033947036473
20240728,441,16,297,13,761,90.21728151267534,53.82387513436934,616.9588433529553
20240728,485,16,423,17,846,122.8173040057105,114.2778500760949,608.9048459181946
20240728,731,16,918,13,828,47.63136135898589,117.36334923443843,663.0052894065757
20240728,917,16,195,19,197,24.956136194834084,17.904848996256288,154.13901480890962
20240728,797,16,214,1,927,96.63425116537552,107.32689067692279,723.0388581577017
20240728,155,16,966,20,125,8.656931036510779,7.949025768792009,108.39404319469722
20240728,527,16,994,12,575,21.95253272347457,33.47600612175137,519.571461154774
20240728,215,16,898,15,311,19.198575114810023,16.262977576281497,275.5384473089085
20240728,222,16,137,13,638,27.82232993765051,46.97771749990383,563.1999525624457
20240728,277,16,891,15,781,83.76337622673391,56.41927024904466,640.8173535242214
20240728,707,16,828,15,129,14.486941392495453,13.791126779952956,100.7219318275516
20240728,113,16,929,8,237,11.316246813521717,18.07766348882341,207.60608969765488
20240728,561,16,867,1,954,32.27860164050148,119.36175213888463,802.359646220614
20240728,537,16,985,6,123,13.266052423763114,11.622335153494271,98.11161242274261
20240728,835,16,719,14,556,69.03989043011009,69.01646963770875,417.94363993218116
20240728,920,16,604,3,649,39.32816338161533,94.16029243408926,515.5115441842954
20240728,991,16,630,19,362,53.888727005876895,51.8097255605899,256.3015474335332
20240728,105,16,3,6,496,72.70387854933392,45.80613426926005,377.48998718140604
20240728,8,16,263,4,225,11.451957453232101,27.448289211942548,186.09975333482535
20240728,744,16,152,8,383,46.05992294623629,30.18728017572748,306.75279687803624
20240728,155,16,837,3,506,37.02606254655958,51.193872211678666,417.78006524176175
20240728,244,16,925,1,950,102.37228681125806,72.5345013283602,775.0932118603818
20240728,146,16,754,13,321,16.397646045237696,28.68316114215179,275.9191928126105
20240728,618,16,809,14,740,101.30102023137366,53.26154834638775,585.4374314222387
20240728,511,16,476,5,189,21.549413296848112,9.85787495248066,157.59271175067124
20240728,955,16,722,7,214,5.263247688823684,11.997478760623887,196.73927355055244
20240728,762,16,274,20,469,22.55768476822738,35.80394332245138,410.6383719093212
20240728,711,16,846,6,699,40.82237726242326,47.99926134660878,610.1783613909679
20240728,427,16,82,5,141,4.192758291068086,16.18602656796722,120.6212151409647
20240728,446,16,536,8,559,14.238730564028415,82.42733276490216,462.3339366710694
20240728,629,16,419,15,135,9.503859195736656,12.809225576058008,112.68691522820534
20240728,742,16,762,20,516,21.055562162175924,33.45264076828165,461.49179706954243
20240728,33,16,876,11,426,12.129778553347654,23.88593178229515,389.9842896643572
20240728,788,16,738,5,809,85.2573281630255,71.844999365145,651.8976724718295
20240728,841,16,122,3,451,52.290968561722806,44.61932263108452,354.08970880719266
20240728,714,16,427,11,992,101.70193046889241,145.9648864698312,744.3331830612764
20240728,812,16,744,2,162,18.73136949030476,12.896632670630737,130.3719978390645
20240728,884,16,771,20,508,59.29642024314722,56.61419107760974,392.08938867924303
20240728,232,16,243,20,200,16.254184943822338,17.54179175919261,166.20402329698504
20240728,145,16,984,17,367,37.38141039704309,42.95573552534157,286.66285407761535
20240728,679,16,495,6,951,138.4394561534935,100.31071612756286,712.2498277189436
20240728,833,16,660,18,945,47.480659921265115,95.44149833248315,802.0778417462518
20240728,111,16,259,17,992,60.860187622009484,51.500894172250916,879.6389182057396
20240728,24,16,525,16,423,18.727446816459324,34.913426225311234,369.35912695822947
20240728,102,16,238,11,103,9.717210291166873,9.296481912324955,83.98630779650817
20240728,732,16,506,4,529,48.61746974065301,39.24039661678993,441.14213364255704
20240728,334,16,400,19,754,38.16240021482503,76.05481101278731,639.7827887723877
20240728,542,16,946,12,941,93.95781535054334,99.98142091750833,747.0607637319483
20240728,241,16,206,19,524,39.32614937556566,35.428041247684305,449.24580937675
20240728,241,16,902,20,208,18.682821178474747,24.963565536311656,164.3536132852136
20240728,115,16,175,19,387,17.20857511327221,37.06884221103938,332.7225826756884
20240728,39,16,522,14,648,88.61733575650369,69.61482606380707,489.76783817968925
20240728,312,16,591,12,904,91.36096717899517,97.38850028348155,715.2505325375232
20240728,390,16,56,5,124,6.459068848716743,12.323221305196192,105.21770984608706
20240728,951,16,422,18,215,14.92975064098989,12.19144429133617,187.87880506767394
20240728,451,16,761,1,897,23.474040010006185,47.808709553703146,825.7172504362907
20240728,471,16,146,19,174,21.184689288892322,11.399671277968938,141.41563943313872
20240728,438,16,723,5,571,53.3315011747898,38.48363109990524,479.18486772530497
20240728,328,16,523,12,485,70.6828921059729,65.61065508981982,348.7064528042073
20240728,458,16,511,5,269,25.184434473808,18.53401435808428,225.2815511681077
20240728,301,16,239,16,953,34.78909460973138,127.34780634140573,790.8630990488629
20240728,592,16,204,5,413,54.24332444054863,58.05805856457037,300.698616994881
20240728,146,16,983,3,943,123.05217931550155,116.57214428616795,703.3756763983305
20240728,780,16,141,2,325,8.197633762357933,36.8969525297397,279.90541370790237
20240728,745,16,329,9,794,102.20048926903065,95.3321269624213,596.4673837685481
20240728,563,16,812,4,741,23.227976407563588,60.529135985254186,657.2428876071822
20240728,527,16,980,7,145,20.263045856952466,19.945573907503217,104.79138023554432
20240728,202,16,70,13,166,4.629721664292076,15.453044680376248,145.91723365533167
20240728,785,16,132,11,245,6.185916127411414,22.339412909896392,216.4746709626922
20240728,107,16,984,11,830,33.90983295302611,98.92342863461643,697.1667384123575
20240728,567,16,438,7,902,129.53621479510286,79.5425790985029,692.9212061063943
20240728,404,16,813,17,909,28.473353485488023,88.09515398829842,792.4314925262136
20240728,250,16,404,18,880,76.96185264988294,53.22138646364604,749.816760886471
20240728,641,16,501,10,756,22.769683452110364,99.10232094455635,634.1279956033333
20240728,959,16,779,15,182,27.146555076025322,24.591139203661065,130.2623057203136
20240728,673,16,490,5,426,9.034825123246979,62.3402289649949,354.6249459117581
20240728,950,16,525,1,152,4.391548896077178,12.560213284019392,135.04823781990342
20240728,898,16,768,9,873,63.54828656661473,130.32634077978048,679.1253726536048
20240728,318,16,934,13,184,4.662059594824131,18.016886264620176,161.3210541405557
20240728,175,16,267,15,382,15.338189514977934,39.563227737275895,327.09858274774615
20240728,347,16,992,13,679,71.4129831365728,78.58952829003313,528.9974885733941
20240728,676,16,541,4,519,37.31352096444938,31.152797073420192,450.53368196213046
20240728,562,16,583,16,981,44.204947823904135,95.81840537776331,840.9766467983326
20240728,651,16,622,17,840,43.494144812792385,107.40638142530567,689.0994737619019
20240728,721,16,376,14,508,42.50830327686927,71.93984868751365,393.55184803561707
20240728,301,16,566,12,345,21.615142423395916,41.425253524008696,281.9596040525954
20240728,849,16,126,12,658,90.13325771394918,86.68232920362465,481.1844130824262
20240728,880,16,267,19,173,20.33340571700377,17.37789965732863,135.2886946256676
20240728,522,16,837,11,162,10.75088306230845,19.602677918618507,131.64643901907306
20240728,817,16,629,16,986,135.76040004717052,81.22712517109106,769.0124747817384
20240728,990,16,764,7,991,27.92758024316732,123.76384512671734,839.3085746301153
20240728,824,16,153,4,545,68.07138439826447,45.289117489819766,431.63949811191577
20240728,457,16,309,2,851,69.43095534314399,80.80707174519318,700.7619729116628
20240728,117,16,930,4,805,120.69258822027764,79.65733084454826,604.6500809351742
20240728,586,16,425,19,126,9.559566317302579,14.368946245339163,102.07148743735826
20240728,59,16,174,16,438,18.740640948589373,40.80700840937943,378.4523506420312
20240728,382,16,828,15,813,69.66635132198796,113.94843097224597,629.3852177057661
20240728,297,16,721,2,979,105.58565166255674,132.5878926310655,740.8264557063778
20240728,17,16,212,10,810,68.25377356382191,99.43985673724481,642.3063696989333
20240728,36,16,126,9,856,38.966441281148214,48.948406951675395,768.0851517671764
20240728,917,16,90,14,622,14.72028737461061,48.37673446890669,558.9029781564827
20240728,811,16,767,14,778,29.95533756169447,39.98527776150643,708.0593846767991
20240728,956,16,167,11,522,76.92389363890561,40.40894874342402,404.66715761767034
20240728,535,16,280,18,310,16.622656245751966,36.88853321467667,256.4888105395714
20240728,937,16,607,1,118,10.457898973863049,9.124218733349657,98.4178822927873
20240728,117,16,856,4,451,23.245124625956535,42.381295850100166,385.3735795239433
20240728,881,16,387,12,473,15.205740245226826,69.07498494998565,388.7192748047875
20240728,42,16,733,20,587,16.463426139827167,32.96904510277559,537.5675287573972
20240728,586,16,270,1,973,33.11130801003185,121.3689339125992,818.5197580773689
20240728,323,16,861,20,415,25.078269504004442,48.78950364724506,341.1322268487505
20240728,88,16,240,4,707,93.04641725092763,104.33519177938655,509.61839096968583
20240728,767,16,468,13,202,30.122393933290486,19.078262568542733,152.79934349816676
20240728,409,16,508,5,513,51.72842969302509,73.6234671088842,387.6481031980907
20240728,968,16,463,10,348,30.996068923461443,35.885064597310055,281.1188664792285
20240728,903,16,446,16,905,49.40937244090711,90.41905267816568,765.1715748809272
20240728,759,16,27,20,672,45.89942941708943,68.5315316717617,557.5690389111489
20240728,969,16,384,9,680,58.950596724979,94.94961072850184,526.0997925465192
20240728,396,16,747,10,632,72.08818666791457,48.35805288303334,511.5537604490521
20240728,202,16,476,13,262,29.065994934509476,21.918571159572686,211.01543390591783
20240728,41,16,212,6,587,71.73611347530876,76.30427266875881,438.95961385593245
20240728,345,16,558,4,820,85.93035003881666,52.920873251596625,681.1487767095867
20240728,96,16,253,9,112,3.9722582180316444,13.40206382320514,94.62567795876322
20240728,135,16,928,2,208,13.323849412169391,12.332460926213225,182.3436896616174
20240728,272,16,40,20,954,117.28390631362294,115.24116765695221,721.4749260294249
20240728,152,16,518,6,815,59.82293179194671,106.52745450001325,648.6496137080401
20240728,503,16,628,9,928,115.8383428069864,59.417270910988435,752.7443862820252
20240728,266,16,357,15,519,36.632292675301585,66.52104600832445,415.84666131637397
20240728,498,16,856,19,806,69.76811356764567,41.83553105650243,694.396355375852
20240728,493,16,89,2,477,11.088081390187963,37.298553822997896,428.61336478681415
20240728,430,16,575,11,232,24.91552982276796,24.869296402827047,182.215173774405
20240728,206,16,142,9,498,68.13265768130809,54.927180755520084,374.94016156317184
20240728,335,16,486,4,442,65.07608930749767,56.91599924978174,320.00791144272057
20240728,795,16,816,8,570,13.129993897621583,60.63053194203828,496.23947416034014
20240728,679,16,256,7,660,49.423986593502036,36.60730329296907,573.9687101135289
20240728,376,16,492,7,920,86.15377868297422,83.14038136774828,750.7058399492776
20240728,779,16,93,19,133,15.380967061028402,14.79274423028266,102.82628870868894
20240728,441,16,529,3,687,31.596201178684513,52.73342999296799,602.6703688283475
20240728,553,16,591,7,333,8.830112071534964,18.57557141871073,305.5943165097543
20240728,884,16,520,12,116,10.312046109096748,14.403452916542234,91.28450097436101
20240728,844,16,485,12,333,36.95606576677542,45.57274944202226,250.47118479120232
20240728,383,16,547,14,901,48.548402019434334,86.37209530729011,766.0795026732756
20240728,138,16,530,14,658,64.70660617466507,74.90560267672396,518.387791148611
20240728,666,16,603,2,318,46.818806265087446,33.48516539175068,237.69602834316188
20240728,92,16,437,9,357,25.91653022297852,36.212050384211736,294.87141939280974
20240728,46,16,992,11,933,51.32236858145145,73.47327414145492,808.2043572770937
20240728,649,16,53,10,873,101.47577068523249,100.81665444767954,670.7075748670879
20240728,549,16,409,18,897,62.69458936020537,78.84124698873644,755.4641636510582
20240728,860,16,982,14,153,12.168052843912013,20.978435811780273,119.85351134430772
20240728,384,16,622,19,181,5.820869882823664,23.573034363157777,151.60609575401855
20240728,234,16,141,5,651,81.3622529578355,80.84281574521059,488.7949312969539
20240728,23,16,166,17,512,18.452845754206564,63.00546295159868,430.5416912941947
20240728,890,16,294,10,512,32.672262716880184,38.78125089501954,440.5464863881003
20240728,361,16,226,13,726,26.17205474207597,86.15730721373433,613.6706380441897
20240728,289,16,992,19,112,15.478725792697649,15.96802632409225,80.5532478832101
20240728,622,16,594,12,765,82.82301276961331,67.95942641525365,614.2175608151331
20240728,156,16,941,5,337,47.81257673423055,32.92004412328318,256.2673791424863
20240728,333,16,720,16,931,133.73640474681707,138.0830820402039,659.180513212979
20240728,802,16,771,13,690,71.88430674974656,47.55647106752621,570.5592221827272
20240728,416,16,505,7,763,102.04040854526778,103.58715087504974,557.3724405796825
20240728,303,16,219,1,791,98.54268659801443,46.7358386562635,645.721474745722
20240728,722,16,231,15,888,31.389978906045265,110.58728564568058,746.0227354482741
20240728,955,16,142,11,260,35.54258115824303,16.685861369694628,207.77155747206234
20240728,513,16,141,4,264,18.439978377489673,32.59941809236546,212.96060353014485
20240728,695,16,252,5,976,79.55492980221595,125.1512938416323,771.2937763561517
20240728,538,16,605,15,969,139.23213251435322,75.55354824526148,754.2143192403853
20240728,97,16,553,1,373,13.462256773119563,26.176280421420895,333.36146280545955
20240728,166,16,323,10,474,26.294352374375613,67.40388369167611,380.3017639339483
20240728,191,16,150,1,821,19.974082513147945,88.39906751795888,712.6268499688931
20240728,229,16,501,7,585,14.209068031499763,76.00614854449138,494.7847834240089
20240728,565,16,507,1,465,36.98347827823297,61.37529405641818,366.6412276653489
20240728,857,16,472,17,691,58.26729991507914,44.45334624397467,588.2793538409462
20240728,603,16,223,6,930,71.12276602451762,55.385858335630445,803.491375639852
20240728,436,16,56,18,761,79.95341793540155,59.077938235769714,621.9686438288287
20240728,485,16,449,15,539,60.30573831381519,69.84992316737211,408.8443385188127
20240728,785,16,26,3,573,70.08769489817789,38.880449262494466,464.03185583932765
20240728,975,16,576,13,819,109.56649669300755,77.11232323392909,632.3211800730634
20240728,589,16,203,19,984,83.01477172843266,49.51458275967054,851.4706455118968
20240728,71,16,548,7,302,40.91487408438839,25.678470859019367,235.40665505659223
20240728,958,16,899,6,152,10.93897988839995,16.29769901392859,124.76332109767145
20240728,803,16,416,18,911,129.93414023381058,76.03806284808178,705.0277969181077
20240728,926,16,960,16,628,22.307259650616793,78.42428809485483,527.2684522545284
20240728,692,16,700,19,602,87.10628326885652,82.32646979076863,432.56724694037484
20240728,278,16,704,12,459,66.8418723463129,59.211688050572704,332.9464396031144
20240728,407,16,468,12,840,24.428189025301954,115.99076808292666,699.5810428917714
20240728,438,16,60,7,781,43.09825935572724,79.43076953863395,658.4709711056388
20240728,261,16,235,13,619,51.32394932329923,61.22895723282791,506.44709344387286
20240728,723,16,163,10,588,81.54095587170887,42.87407350257071,463.5849706257204
20240728,669,16,981,9,731,61.334804415154366,69.92452827422395,599.7406673106217
20240728,391,16,82,5,316,18.93264679340101,23.790271133638814,273.2770820729602
20240728,544,16,103,1,972,89.11310790039833,131.6753963414033,751.2114957581983
20240728,676,16,375,4,834,24.816453680916386,111.62452008838596,697.5590262306977
20240728,705,16,396,15,730,78.861099194912,75.65066650484381,575.4882343002441
20240728,950,16,823,13,915,98.94233611748461,122.93428840488205,693.1233754776333
20240728,222,16,893,16,675,64.28422748042446,66.9231969272632,543.7925755923123
20240728,490,16,248,4,613,88.22510087087271,77.84776316747629,446.927135961651
20240728,374,16,779,5,630,28.152169258564633,57.44862242363676,544.3992083177986
20240728,27,16,323,18,638,74.77762396128064,82.56306930571455,480.6593067330048
20240728,265,16,969,6,308,8.4440923629946,16.128684418232293,283.4272232187731
20240728,67,16,435,12,616,91.9105321953875,89.94274591707791,434.14672188753457
20240728,792,16,914,11,214,24.40992142753617,22.19075513039596,167.39932344206787
20240728,386,16,409,12,159,5.3702689073808845,22.142126306155205,131.48760478646392
20240728,613,16,14,19,552,22.144633317109758,68.74417261756614,461.11119406532407
20240728,891,16,858,4,376,45.50896416838174,23.301441793803864,307.1895940378144
20240728,862,16,47,5,814,76.70918191764817,74.65176345084677,662.6390546315051
20240728,56,16,303,15,941,104.89003023494317,102.78254336401722,733.3274264010396
20240728,171,16,425,7,315,15.000764971689305,34.023231027487384,265.9760040008233
20240728,58,16,851,16,112,14.11918610828212,8.815252545525745,89.06556134619214
20240728,324,16,681,10,391,46.99793016826469,23.95242564855407,320.0496441831813
20240728,986,16,356,7,188,15.79941718601951,22.3138465330961,149.8867362808844
20240728,688,16,20,7,219,10.428549593412699,28.832304791888834,179.73914561469846
20240728,145,16,222,11,430,52.451135125630465,31.774267764452635,345.7745971099169
20240728,266,16,764,11,381,54.8412421244647,23.62799350971665,302.53076436581864
20240728,423,16,703,15,590,55.720288437955496,71.76765305903092,462.5120585030136
20240728,127,16,456,1,258,16.59951783895688,18.224274731503932,223.1762074295392
20240728,506,16,431,7,446,12.888607638387963,56.08413698930569,377.02725537230634
20240728,290,16,309,14,287,33.491287265196604,19.027397721277644,234.48131501352574
20240728,515,16,327,1,170,23.97003327507519,9.841569971828,136.1883967530968
20240728,260,16,999,6,270,35.63948441213586,32.32568011872231,202.03483546914183
20240728,902,16,382,9,228,23.062642698965917,15.794460267817724,189.14289703321634
20240728,645,16,498,8,891,81.12187339625598,107.50323872005723,702.3748878836868
20240728,57,16,671,19,354,15.557319567285582,38.99123955454568,299.45144087816874
20240728,174,16,600,4,425,53.45757638290175,50.69237045625491,320.85005316084334
20240728,847,16,708,19,678,88.72043863363119,94.59436305729075,494.68519830907803
20240728,648,16,905,7,441,41.4934199061551,24.115460836134396,375.3911192577105
20240728,682,16,697,13,556,38.11265210817536,35.096188016597324,482.7911598752273
20240728,192,16,543,2,502,67.61963766443246,55.91328769150815,378.4670746440594
20240728,154,16,361,15,462,19.726036957702043,33.104867943960045,409.1690950983379
20240728,355,16,178,1,862,53.24653787476828,49.97955194736356,758.7739101778682
20240728,731,16,433,2,346,33.9460815652203,28.338431312054915,283.71548712272477
20240728,400,16,371,2,286,14.111636382798128,38.43481092161975,233.45355269558212
20240728,283,16,826,8,232,14.494554102425846,16.1308786498058,201.37456724776837
20240728,637,16,808,7,847,54.79785437551082,83.87543919914543,708.3267064253437
20240728,4,16,256,2,265,5.4241017692958735,31.439569660801645,228.13632856990247
20240728,576,16,245,13,249,11.792796359952344,13.018617248332424,224.18858639171523
20240728,195,16,264,20,572,43.1519836424418,61.88817709215319,466.959839265405
20240728,363,16,56,4,764,46.18225722624548,61.49559471184928,656.3221480619052
20240728,333,16,52,15,440,56.04583554742401,27.343598988588823,356.6105654639872
20240728,128,16,960,6,598,28.894102642296453,67.68076410915309,501.4251332485504
20240728,211,16,914,9,103,12.291847927194022,10.293940325398165,80.41421174740782
20240728,332,16,45,13,715,43.17618415979884,36.78768904982135,635.0361267903799
20240728,211,16,156,20,869,47.96570417882432,84.65381205535756,736.3804837658181
20240728,125,16,687,18,250,20.471125752519377,27.994277617381076,201.53459663009954
20240728,70,16,96,4,271,9.858338702835058,14.352925937335469,246.78873535982947
20240728,220,16,593,12,218,30.997474425250736,13.6760789075087,173.32644666724056
20240728,141,16,88,9,551,45.148384860538805,78.68865447564741,427.1629606638138
20240728,939,16,704,5,990,84.90186454355519,71.7814442386751,833.3166912177696
20240728,584,16,368,12,209,24.412085192753825,10.64331549211116,173.944599315135
20240728,867,16,781,16,988,122.04591773936815,66.00100406165376,799.9530781989781
20240728,726,16,375,14,364,43.57978252096552,50.785467799834045,269.63474967920047
20240728,107,16,874,17,677,22.86699744390302,69.02090590095662,585.1120966551404
20240728,438,16,930,20,641,93.27005599675093,47.4192520194655,500.31069198378356
20240728,204,16,228,9,119,4.043539117789266,11.551073545327554,103.40538733688318
20240728,891,16,458,3,186,5.733790223354277,15.507038434567752,164.75917134207796
20240728,204,16,607,13,227,22.463377868580153,22.838122161038417,181.69849997038142
20240728,150,16,61,10,376,48.94243553312862,26.71387980114632,300.34368466572505
20240728,822,16,264,19,551,30.649128715496882,61.74329692454073,458.60757435996237
20240728,198,16,354,12,802,73.4534696522156,109.2893902902016,619.2571400575828
20240728,1000,16,282,14,169,7.4562735456160345,23.004626487881644,138.5390999665023
20240728,66,16,67,10,901,69.13168111976199,72.64589361361172,759.2224252666263
20240728,861,16,829,1,857,37.17252342074192,104.8534796713877,714.9739969078704
20240728,645,16,208,15,450,64.05202917638822,58.213629491081456,327.73434133253033
20240728,762,16,279,6,658,32.55261255492752,41.06055865704395,584.3868287880285
20240728,524,16,177,14,789,50.76178347783742,86.67995786277562,651.558258659387
20240728,386,16,197,20,251,32.10166118627912,12.787862088104744,206.11047672561614
20240728,658,16,23,4,113,8.837821521948225,6.9811724464299925,97.18100603162178
20240728,601,16,276,3,124,10.94247726008436,16.722133536734532,96.33538920318111
20240728,737,16,517,2,422,36.04395249884465,46.08032441218047,339.8757230889749
20240728,105,16,230,16,638,40.492747935085454,59.80998026174395,537.6972718031706
20240728,142,16,932,8,671,72.84544495482618,94.68313837557156,503.47141666960226
20240728,186,16,906,1,435,38.812127417282426,28.309292743808044,367.87857983890956
20240728,951,16,756,6,276,35.73848077890907,29.218911907670577,211.04260731342035
20240728,685,16,855,14,539,39.89877603801842,50.79511972056179,448.3061042414198
20240728,150,16,433,11,547,12.991124122303864,32.104670849940675,501.90420502775544
20240728,733,16,655,17,856,32.767432947271736,121.11294336081524,702.119623691913
20240728,385,16,606,3,418,22.690628670155682,26.399749676294906,368.9096216535494
20240728,868,16,297,3,318,47.14772684040535,24.629821832792594,246.22245132680206
20240728,354,16,786,16,122,11.396136388939588,13.640167679831057,96.96369593122935
20240728,988,16,953,6,473,68.73023117214906,55.049748231816906,349.22002059603403
20240728,497,16,776,7,306,30.62573877875435,24.29669305388309,251.07756816736256
20240728,681,16,988,11,742,35.31230971974878,109.57648368598186,597.1112065942693
20240728,977,16,633,11,684,49.835569364323455,76.97886561401585,557.1855650216608
20240728,533,16,410,16,683,37.40286505914124,92.56022387816972,553.036911062689
20240728,119,16,634,14,869,88.55837286302727,84.5187142165224,695.9229129204504
20240728,56,16,614,18,161,18.954450742874048,19.06296847539627,122.98258078172968
20240728,913,16,130,19,951,43.76726977613362,103.33464612507042,803.898084098796
20240728,581,16,101,19,794,118.6628671735056,84.21894799606157,591.1181848304328
20240728,383,16,143,12,100,3.301770776569653,12.452584125020367,84.24564509840998
20240728,965,16,382,7,829,26.149753240000962,124.08613428821917,678.7641124717799
20240728,357,16,880,20,425,42.671942687380856,26.183835158312387,356.14422215430676
20240728,665,16,453,3,302,28.30033023274095,18.636569984310952,255.0630997829481
20240728,468,16,713,10,511,19.004783292733322,65.08181482643806,426.9134018808286
20240728,240,16,525,13,473,63.99078238952231,47.40331183476692,361.60590577571077
20240728,751,16,583,20,892,69.34346102182819,109.96548641450006,712.6910525636717
20240728,948,16,183,9,514,53.60027916341915,29.474212253172183,430.92550858340866
20240728,978,16,273,19,432,20.416969475429923,38.782069509111686,372.80096101545837
20240728,76,16,975,18,595,33.83691018332555,79.5090261384155,481.6540636782589
20240728,448,16,737,14,725,106.27222152072451,61.325739259192225,557.4020392200832
20240728,575,16,630,12,946,70.4712864491694,140.14088796277545,735.3878255880552
20240728,831,16,764,12,264,27.197735899724353,37.24072090441594,199.5615431958597
20240728,402,16,511,15,287,9.40233593338355,42.22447089554668,235.37319317106977
20240728,476,16,192,17,427,58.25542443103004,29.994601753975584,338.7499738149944
20240728,585,16,924,19,864,47.13070877558581,111.35512144371954,705.5141697806946
20240728,883,16,951,20,489,45.24529358416569,66.83232654253696,376.92237987329736
20240728,79,16,553,9,564,31.2163821345903,79.3979836515243,453.3856342138854
20240728,534,16,168,17,327,19.71021793965842,27.038949690060686,280.2508323702809
20240728,915,16,231,10,802,68.87870742449435,107.02828785817559,626.0930047173301
20240728,943,16,59,19,510,36.36081589117959,27.41511028019096,446.22407382862946
20240728,581,16,44,4,699,37.28453684495227,62.56949249299276,599.145970662055
20240728,518,16,796,20,773,60.621327942600985,114.93493008990646,597.4437419674925
20240728,866,16,25,16,843,48.748699993966156,78.90598778278998,715.3453122232438
20240728,468,16,511,6,353,12.797105791308173,50.137470219470046,290.0654239892218
20240728,309,16,531,8,195,11.9361698222018,24.272586733240612,158.79124344455758
20240728,204,16,967,14,754,83.23324260094151,56.5966972517102,614.1700601473483
20240728,898,16,162,20,201,16.981201240016397,15.33030410372894,168.68849465625465
20240728,603,16,260,6,397,46.64403480643816,46.870800056680245,303.4851651368816
20240728,102,16,669,10,224,22.781801290309485,16.28687374836402,184.93132496132648
20240728,629,16,887,11,832,36.99553600385819,57.17463608350114,737.8298279126407
20240728,414,16,814,19,842,19.255519846001803,74.18024701458242,748.5642331394158
20240728,774,16,232,4,183,19.822446331728894,25.803873830784518,137.37367983748658
20240728,662,16,881,14,439,60.68838555667135,56.070635621842285,322.24097882148635
20240728,670,16,698,18,223,30.741089340038343,16.4277893434518,175.83112131650986
20240728,999,16,191,7,857,89.72975980272071,100.4068152797582,666.8634249175211
20240728,362,16,578,3,489,27.208578741670724,62.554963907513205,399.23645735081607
20240728,888,16,431,9,108,4.064499323932276,12.45419953430555,91.48130114176217
20240728,86,16,650,13,415,62.08784623743113,49.119167031549495,303.79298673101937
20240728,246,16,196,18,113,11.966595645643217,11.425882060401834,89.60752229395496
20240728,636,16,761,11,494,49.502579355628086,32.98658774054059,411.51083290383133
20240728,89,16,32,2,439,29.491709349263623,65.11901907874875,344.3892715719876
20240728,475,16,939,9,151,21.246303792155874,21.694528099416868,108.05916810842726
20240728,519,16,164,10,690,87.6136520973847,55.3484453319901,547.0379025706252
20240728,668,16,61,8,919,53.44029001213657,57.63560703077985,807.9241029570836
20240728,177,16,734,10,250,10.64215045995698,23.19939604185676,216.15845349818625
20240728,788,16,682,19,352,24.850054598708212,50.908665751033155,276.24127965025866
20240728,475,16,227,16,331,35.864089020859375,20.33917436612822,274.7967366130124
20240728,523,16,765,10,261,31.64681780746716,16.46774235126631,212.88543984126653
20240728,357,16,546,18,847,42.344867994755425,108.17710530854971,696.4780266966949
20240728,79,16,312,7,446,11.516442941204499,53.7861522546076,380.6974048041879
20240728,264,16,166,3,312,10.936044564623696,31.297721712754058,269.76623372262225
20240728,153,16,80,18,543,64.39578310376673,48.96162536392405,429.6425915323092
20240728,560,16,801,12,868,53.81913458213599,125.5853698855984,688.5954955322657
20240728,335,16,857,4,978,52.12060704002964,115.81873052704434,810.060662432926
20240728,138,16,843,16,979,75.75033500883167,61.12110109966006,842.1285638915083
20240728,252,16,932,13,821,119.38804161773004,113.50490367441992,588.10705470785
20240728,101,16,678,8,983,140.89693556074536,103.72343059121165,738.379633848043
20240728,273,16,778,20,463,30.64046956464018,30.737201325601948,401.62232910975786
20240728,173,16,544,1,615,52.52601656423581,67.50499064754322,494.96899278822093
20240728,959,16,675,17,502,53.752844270458375,74.85862261133228,373.38853311820935
20240728,128,16,770,19,526,64.94599616004719,34.437890796474484,426.6161130434783
20240728,956,16,965,15,730,46.802993708797835,99.80932640678611,583.387679884416
20240728,192,16,727,7,912,97.14261005805582,116.31295432582807,698.5444356161161
20240728,570,16,949,18,353,44.70708158772308,42.609746193258665,265.6831722190183
20240728,345,16,127,1,939,58.017408883793614,91.85661218102526,789.1259789351811
20240728,794,16,333,12,537,22.198872728863016,47.21707240343398,467.584054867703
20240728,423,16,131,12,685,65.14671661009346,82.96678308755328,536.8865003023533
20240728,840,16,417,2,748,44.620380386077805,66.75286149925869,636.6267581146635
20240728,902,16,83,7,764,108.14981260227512,81.15476956337098,574.695417834354
20240728,837,16,101,9,992,74.32366771038456,106.52246588279104,811.1538664068244
20240728,944,16,111,8,258,8.810260072573923,28.164607921728113,221.02513200569797
20240728,587,16,996,4,587,46.403887512970265,86.97359390953075,453.622518577499
20240728,566,16,485,11,832,43.650780290454534,63.07974386353652,725.269475846009
20240728,789,16,516,19,100,9.447511568154246,11.070967382087781,79.48152104975797
20240728,195,16,730,19,356,23.624452569992826,18.26153750201805,314.1140099279891
20240728,724,16,432,12,115,13.052337278513155,8.719586163688797,93.22807655779805
20240728,155,16,71,2,415,27.310771312415834,37.35548468772452,350.3337439998596
20240728,166,16,466,11,389,50.39553409094101,58.18026605699753,280.42419985206146
20240728,560,16,513,12,336,15.8464874980646,44.821716835651046,275.33179566628434
20240728,370,16,377,8,320,28.780843491572156,23.496105518992906,267.7230509894349
20240728,681,16,1000,13,624,91.28921478974526,66.60707418428782,466.1037110259669
20240728,925,16,945,5,928,77.6626841457195,64.42913573151469,785.9081801227658
20240728,362,16,216,20,561,33.96977666085509,71.32077545169409,455.70944788745084
20240728,945,16,102,8,642,44.85795994524144,68.22332017507148,528.918719879687
20240728,793,16,244,15,482,64.13898478754948,68.6257867577422,349.2352284547083
20240728,977,16,878,4,811,45.54822008481381,81.22789051591388,684.2238893992724
20240728,511,16,141,19,272,20.021508422592614,13.966116879035246,238.01237469837213
20240728,342,16,200,13,683,101.77089786398783,71.04993228062851,510.17916985538363
20240728,888,16,902,13,198,8.844594018433323,13.837962116081124,175.31744386548556
20240728,592,16,185,12,998,133.79934434376148,86.69192408860906,777.5087315676294
20240728,103,16,97,8,932,135.7529867498033,83.43333607310784,712.8136771770888
20240728,163,16,506,19,934,98.65292644456376,66.877017797611,768.4700557578252
20240728,520,16,340,2,981,98.86664495273888,65.93545742744267,816.1978976198184
20240728,28,16,357,11,532,28.047670687062272,30.465574324582484,473.48675498835524
20240728,489,16,777,11,579,24.801019198313032,70.58497190250472,483.61400889918224
20240728,248,16,376,5,456,23.391875508685807,64.29744019179043,368.31068429952376
20240728,162,16,984,2,224,11.826570654291885,18.83150606610595,193.34192327960216
20240728,448,16,112,4,949,123.5830213074548,130.7224081955603,694.6945704969849
20240728,747,16,133,1,839,74.0063262130124,100.8238412129965,664.1698325739911
20240728,408,16,684,13,122,10.273681755236854,15.245440540970087,96.48087770379306
20240728,770,16,49,4,775,100.74233889940743,62.68984344620011,611.5678176543925
20240728,406,16,672,14,564,61.72723121207298,41.539822038461104,460.7329467494659
20240728,520,16,448,17,507,27.90222309119863,49.822036067979525,429.27574084082187
20240728,539,16,792,20,874,45.785572635551915,55.231046623277635,772.9833807411704
20240728,98,16,328,4,101,11.719017612258925,10.26236788992371,79.01861449781737
20240728,795,16,59,1,368,28.64021362101646,29.239328767914053,310.12045761106947
20240728,610,16,60,11,308,6.813927916895501,35.35950886752025,265.82656321558426
20240728,487,16,782,12,871,124.63429833214987,130.27598722633124,616.0897144415189
20240728,504,16,774,3,212,28.174374012799763,14.15774580902029,169.66788017817996
20240728,924,16,605,9,333,7.197437485514184,28.729070514703704,297.0734919997821
20240728,369,16,730,12,695,61.15649104348069,54.66843857679692,579.1750703797223
20240728,442,16,929,9,101,12.588022861535938,5.550893380678749,82.86108375778531
20240728,630,16,365,10,573,74.0414462195629,35.72354350223721,463.23501027819987
20240728,121,16,241,11,816,20.918116870297037,99.21544858589236,695.8664345438106
20240728,650,16,100,10,809,85.84883611974743,76.9734914277557,646.1776724524968
20240728,465,16,452,4,899,80.32991531364476,103.28435892499871,715.3857257613565
20240728,798,16,800,10,607,55.52578689050997,89.00977197071076,462.4644411387793
20240728,744,16,962,9,552,28.4442025888343,77.24469292247345,446.31110448869225
20240728,752,16,411,8,545,65.61275040238397,39.294841923305825,440.0924076743102
20240728,575,16,290,4,364,49.247747767972314,48.857002450924874,265.89524978110285
20240728,637,16,6,12,932,39.13412493743817,51.41762029812752,841.4482547644343
20240728,958,16,384,3,621,59.273969780864206,64.847965749341,496.8780644697948
20240728,336,16,511,11,392,43.98160752504074,27.54144356379056,320.47694891116873
20240728,573,16,571,20,861,33.016850500431,65.77864837226507,762.204501127304
20240728,593,16,57,17,328,12.083581326948622,35.03419249876121,280.88222617429017
20240728,299,16,268,13,325,37.90840548437612,44.106785858904374,242.9848086567195
20240728,467,16,647,6,541,62.703104416305735,74.36442385348056,403.9324717302137
20240728,78,16,921,1,554,60.858845366122644,82.84249988416701,410.29865474971035
20240728,42,16,562,1,574,26.43334065605572,53.87103969342723,493.6956196505171
20240728,29,16,232,16,617,30.290535193403137,62.12273286222983,524.586731944367
20240728,176,16,66,1,127,17.592727237001615,9.837093958938217,99.57017880406016
20240728,416,16,560,6,330,39.67031599649589,33.11786455895423,257.21181944454986
20240728,739,16,353,5,241,32.416299391337354,24.58251252647639,184.00118808218627
20240728,244,16,675,2,734,24.025168553077943,106.10035681362716,603.8744746332949
20240728,292,16,321,15,249,16.072866246610605,27.279587834396033,205.64754591899336
20240728,609,16,221,1,521,78.0377626428378,71.40881270485366,371.55342465230854
20240728,585,16,845,15,337,45.433168741890654,25.763372289557505,265.8034589685518
20240728,33,16,242,3,432,33.01267745639953,45.042492518041634,353.9448300255589
20240728,903,16,926,1,578,78.27700215617307,31.129440080488074,468.5935577633388
20240728,924,16,868,16,762,92.92856885063257,104.66804613241487,564.4033850169526
20240728,778,16,397,3,626,33.30841140542652,32.08187940482579,560.6097091897477
20240728,45,16,709,16,753,31.13416033899607,38.867115375309695,682.9987242856943
20240728,659,16,343,19,110,4.561655363948485,7.020523540229447,98.41782109582206
20240728,410,16,714,11,321,19.033071640530164,17.258612818693894,284.70831554077597
20240728,386,16,297,14,779,61.17314737874339,47.183706177060344,670.6431464441963
20240728,569,16,747,5,439,65.11374228713076,50.19922754529859,323.68703016757064
20240728,935,16,982,16,466,55.90748590666971,34.87217258732157,375.2203415060087
20240728,174,16,24,14,159,6.131878344580848,15.148864879618266,137.7192567758009
20240728,816,16,643,5,629,32.213788245578186,92.87395895983872,503.9122527945831
20240728,937,16,845,11,228,24.647898094229475,29.816894582492402,173.53520732327812
20240728,559,16,163,13,809,66.22699660725013,101.21953196663019,641.5534714261197
20240728,439,16,563,19,593,40.08081906378526,50.24316531048107,502.67601562573367
20240728,256,16,463,12,464,33.82219180413406,36.08896936124152,394.0888388346244
20240728,971,16,837,4,429,13.17894747794002,24.935929786207947,390.88512273585206
20240728,375,16,747,18,495,70.935580726348,56.27388806847353,367.79053120517847
20240728,427,16,443,4,144,13.019196576876054,9.610004676327463,121.37079874679648
20240728,92,16,916,1,525,75.50990703244955,75.5749301186171,373.91516284893333
20240728,560,16,410,15,352,39.81646638506381,22.8098221654362,289.3737114495
20240728,420,16,863,9,982,104.78379392971722,50.55954054988131,826.6566655204015
20240728,788,16,280,12,516,65.28125304746733,51.201134691604786,399.5176122609279
20240728,551,16,917,14,518,45.75444361316865,47.80082892507259,424.44472746175876
20240728,874,16,173,3,796,81.69420575455949,66.55839539733812,647.7473988481024
20240728,956,16,199,10,888,44.122289077325135,125.75045250161418,718.1272584210607
20240728,268,16,330,5,340,28.80085190735327,40.348797584317744,270.850350508329
20240728,744,16,511,13,118,10.93768508649554,7.6006671206727425,99.46164779283171
20240728,320,16,138,11,585,77.78765114800736,39.474561944560314,467.73778690743234
20240728,331,16,474,16,643,24.667815017770835,86.70442881474906,531.6277561674801
20240728,488,16,699,6,603,40.99400882177995,84.03715865762481,477.96883252059524
20240728,221,16,425,18,539,11.395984589107913,55.067425656528,472.53658975436406
20240728,994,16,816,11,524,31.537457136012662,77.8843522741394,414.57819058984796
20240728,863,16,936,1,243,35.530739959571534,15.59996146955663,191.86929857087182
20240728,5,16,168,13,550,53.40051970702247,79.96272898388449,416.63675130909303
20240728,530,16,421,16,434,52.515312386677216,39.75571354785928,341.7289740654635
20240728,166,16,405,5,410,32.045843893435034,34.535627479794826,343.4185286267701
20240728,235,16,328,1,882,91.03125081608295,48.55184242159779,742.4169067623193
20240728,132,16,690,8,632,13.578358904319472,88.149440908778,530.2722001869025
20240728,27,16,76,6,765,83.90833026208722,53.589466118896695,627.5022036190161
20240728,200,16,651,6,624,65.29707706207225,71.43368827701559,487.26923466091216
20240728,789,16,106,11,202,21.803984215920067,22.835225349183705,157.36079043489622
20240728,258,16,369,20,108,12.097976824235584,14.031329767115748,81.87069340864866
20240728,850,16,841,9,342,46.726318181058694,34.48652552961353,260.78715628932775
20240728,635,16,801,19,376,47.797516402653166,53.03868584651412,275.1637977508327
20240728,300,16,782,12,130,9.290048128505685,18.865359070987775,101.84459280050655
20240728,234,16,717,18,969,76.46570330602012,97.26277761425862,795.2715190797212
20240728,976,16,816,3,738,28.331830012132396,95.71840754965194,613.9497624382157
20240728,863,16,517,9,454,45.21644562459039,33.1586325409752,375.6249218344344
20240728,928,16,202,17,691,90.31601807444386,43.57237962743093,557.1116022981253
20240728,19,16,393,8,464,58.01309013705038,24.450526220969543,381.5363836419801
20240728,867,16,772,15,588,51.886312116387295,77.88094172347934,458.2327461601334
20240728,285,16,380,10,482,37.61883648777613,70.08931748667858,374.2918460255453
20240728,986,16,553,7,592,64.53787315389269,36.76424375502681,490.6978830910805
20240728,714,16,493,12,217,30.707663610622898,29.159220006555838,157.13311638282127
20240728,517,16,405,13,519,14.895350661940995,26.917166091124873,477.1874832469341
20240728,502,16,522,8,641,60.79632624774799,70.8995503860513,509.3041233662007
20240728,782,16,798,6,291,29.084874238766904,38.22297687966144,223.69214888157165
20240728,669,16,449,11,129,9.05129701730595,10.85121633576057,109.09748664693348
20240728,194,16,932,20,250,13.274944600691338,35.22910793436362,201.49594746494506
20240728,184,16,254,4,558,30.380550865259515,28.966098019898386,498.6533511148421
20240728,237,16,374,9,315,26.098967037606283,20.38204587844143,268.5189870839523
20240728,255,16,509,9,657,54.121716598103276,52.89209702742347,549.9861863744733
20240728,440,16,761,18,250,33.83210252527819,17.845147814907847,198.32274965981395
20240728,865,16,354,9,812,44.54535091407263,102.56491778821662,664.8897312977108
20240728,371,16,425,6,387,34.51853970710803,26.101096616235594,326.3803636766564
20240728,866,16,586,5,796,39.87214595343274,72.85748499977316,683.270369046794
20240728,478,16,100,2,877,24.57063459570645,82.47982172272422,769.9495436815694
20240728,848,16,949,16,980,101.36867746517834,131.36988733289672,747.261435201925
20240728,472,16,800,14,187,3.9343114815870446,16.53652697568051,166.52916154273245
20240728,511,16,992,8,269,39.580959765039424,28.88105415482605,200.53798608013454
20240728,707,16,404,10,812,42.725908074752944,91.70212316831058,677.5719687569365
20240728,676,16,279,13,499,51.089026694031595,59.775996258099546,388.13497704786886
20240728,720,16,582,4,552,82.41038187493236,48.224459642425025,421.36515848264264
20240728,765,16,533,4,995,33.16228232846885,109.07826459572782,852.7594530758033
20240728,3,16,488,1,383,46.20389869664557,21.933535869804608,314.86256543354983
20240728,903,16,340,7,660,14.49528994988422,95.75392763584244,549.7507824142733
20240728,561,16,554,18,191,7.352647439668998,18.147610440386554,165.49974211994444
20240728,162,16,552,16,760,78.05871136245521,93.9874176361672,587.9538710013776
20240728,652,16,108,18,411,39.911085212504794,55.81652858132225,315.27238620617294
20240728,513,16,415,9,489,11.065966038917894,65.30433672637429,412.6296972347078
